Name,Symbol,Current Price (USD),Market Cap,24h Change (%),Total Volume,Last Updated
Bitcoin,BTC,94344.0,1873794852740,0.22055,30048904094.0,2025-04-29T05:38:37.633Z
Ethereum,ETH,1794.84,216622741611,0.00957,15289571994.0,2025-04-29T05:38:38.924Z
Tether,USDT,1.0,148003034455,0.00096,51289833984.0,2025-04-29T05:38:42.109Z
XRP,XRP,2.28,133031832238,-0.17409,3342810123.0,2025-04-29T05:38:38.884Z
BNB,BNB,607.44,88597084266,0.55653,621957431.0,2025-04-29T05:38:37.053Z
Solana,SOL,146.64,75780493084,-1.70648,3456354735.0,2025-04-29T05:38:37.409Z
USDC,USDC,0.999927,62002032369,0.00233,10072968641.0,2025-04-29T05:38:37.585Z
Dogecoin,DOGE,0.17824,26569535212,-0.47291,1306168080.0,2025-04-29T05:38:36.735Z
Cardano,ADA,0.701511,25263800856,-1.21052,772583773.0,2025-04-29T05:38:37.871Z
TRON,TRX,0.2474,23485161225,0.88658,584124064.0,2025-04-29T05:38:36.851Z
Lido Staked Ether,STETH,1793.37,16571587797,0.02151,20313839.0,2025-04-29T05:38:36.937Z
Wrapped Bitcoin,WBTC,94268.0,12145019113,0.16531,234376356.0,2025-04-29T05:38:42.487Z
Sui,SUI,3.54,11507677519,-1.72705,2339871714.0,2025-04-29T05:38:30.808Z
Chainlink,LINK,14.91,9796606018,0.80115,399185348.0,2025-04-29T05:38:32.942Z
Avalanche,AVAX,21.79,9077516453,-0.26365,328829769.0,2025-04-29T05:38:37.259Z
Stellar,XLM,0.280875,8672181906,-2.1215,210522633.0,2025-04-29T05:38:38.235Z
LEO Token,LEO,9.0,8309192757,-0.38814,4155155.0,2025-04-29T05:38:42.530Z
Toncoin,TON,3.26,8195974507,-0.18987,139447810.0,2025-04-29T05:38:32.059Z
Shiba Inu,SHIB,1.362e-05,8026769373,0.04509,239584227.0,2025-04-29T05:38:35.815Z
Hedera,HBAR,0.188024,7940600047,-2.24022,213805899.0,2025-04-29T05:38:37.672Z
USDS,USDS,0.999887,7634332820,0.00105,13063622.0,2025-04-29T05:38:40.114Z
Wrapped stETH,WSTETH,2152.08,7562972541,-0.19208,23010531.0,2025-04-29T05:38:34.426Z
Bitcoin Cash,BCH,369.41,7328993842,5.11333,286709602.0,2025-04-29T05:38:36.532Z
Litecoin,LTC,85.8,6496459872,-0.17739,369774224.0,2025-04-29T05:38:37.883Z
Polkadot,DOT,4.26,6483886966,3.47602,187868196.0,2025-04-29T05:38:39.485Z
Hyperliquid,HYPE,18.37,6115658232,2.62216,142712788.0,2025-04-29T05:38:40.788Z
Binance Bridged USDT (BNB Smart Chain),BSC-USD,1.001,5189743801,0.02916,201965038.0,2025-04-29T05:38:33.543Z
Bitget Token,BGB,4.42,5170326360,2.65037,87277703.0,2025-04-29T05:38:43.224Z
WETH,WETH,1794.68,5121511184,-0.16545,270825591.0,2025-04-29T05:38:41.099Z
Monero,XMR,268.33,4959920015,-13.34425,274112452.0,2025-04-29T05:38:38.529Z
Ethena USDe,USDE,0.999488,4690918958,-0.003,120652340.0,2025-04-29T05:38:31.566Z
WhiteBIT Coin,WBT,29.32,4226180694,0.47127,18589069.0,2025-04-29T05:38:41.980Z
Pi Network,PI,0.604958,4218043613,-2.52192,93181543.0,2025-04-29T05:38:37.514Z
Wrapped eETH,WEETH,1912.42,4023453130,-0.11445,6460478.0,2025-04-29T05:38:39.417Z
Coinbase Wrapped BTC,CBBTC,94304.0,3861164135,0.3091,251422020.0,2025-04-29T05:38:39.608Z
Pepe,PEPE,8.83e-06,3714512389,-0.69661,704012080.0,2025-04-29T05:38:33.581Z
Aptos,APT,5.5,3402152552,0.83286,150026937.0,2025-04-29T05:38:41.077Z
Bittensor,TAO,374.64,3253125425,3.85252,208153824.0,2025-04-29T05:38:36.721Z
Dai,DAI,0.999976,3243633811,-0.02559,80884605.0,2025-04-29T05:38:33.375Z
Uniswap,UNI,5.38,3232507590,-1.26537,226592767.0,2025-04-29T05:38:42.786Z
OKB,OKB,52.07,3124441402,0.6232,5145249.0,2025-04-29T05:38:33.549Z
NEAR Protocol,NEAR,2.54,3070110441,1.43397,211140277.0,2025-04-29T05:38:38.509Z
Ondo,ONDO,0.970104,3064568367,1.87712,316863242.0,2025-04-29T05:38:43.578Z
sUSDS,SUSDS,1.049,2971097700,0.00581,1744786.0,2025-04-29T05:38:35.339Z
Official Trump,TRUMP,14.07,2817562816,-5.20474,1596749755.0,2025-04-29T05:38:43.129Z
Gate,GT,22.12,2718976518,-1.50989,7445227.0,2025-04-29T05:38:40.496Z
Internet Computer,ICP,5.05,2690558276,0.41186,65363192.0,2025-04-29T05:38:33.942Z
Ethereum Classic,ETC,16.97,2573248673,1.94321,61300845.0,2025-04-29T05:38:38.537Z
BlackRock USD Institutional Digital Liquidity Fund,BUIDL,1.0,2547445263,0.0,0.0,2025-04-29T05:35:10.162Z
Aave,AAVE,165.66,2502109428,-2.26635,274560052.0,2025-04-29T05:38:35.210Z
Kaspa,KAS,0.095525,2491485639,-1.07446,99456138.0,2025-04-29T05:38:37.514Z
Cronos,CRO,0.090564,2491018714,-0.03058,20194269.0,2025-04-29T05:38:36.224Z
Tokenize Xchange,TKX,31.0,2489061667,-1.41572,13838273.0,2025-04-29T05:38:39.659Z
Mantle,MNT,0.735498,2474567188,0.97723,175638402.0,2025-04-29T05:38:30.248Z
VeChain,VET,0.02713895,2333087206,1.37193,58027920.0,2025-04-29T05:38:37.530Z
Render,RENDER,4.47,2313139104,4.05312,215835789.0,2025-04-29T05:38:40.702Z
POL (ex-MATIC),POL,0.242925,2108280557,2.08703,107853165.0,2025-04-29T05:38:31.530Z
Ethena Staked USDe,SUSDE,1.17,2102875849,0.05635,7361342.0,2025-04-29T05:38:37.212Z
Cosmos Hub,ATOM,4.47,1997906390,1.80542,83631067.0,2025-04-29T05:38:34.431Z
Algorand,ALGO,0.2296,1971868262,1.98362,93329345.0,2025-04-29T05:38:38.818Z
Lombard Staked BTC,LBTC,94274.0,1922772572,0.42064,6476340.0,2025-04-29T05:38:34.748Z
Artificial Superintelligence Alliance,FET,0.723907,1888270122,0.26262,206353436.0,2025-04-29T05:38:39.698Z
Fasttoken,FTN,4.29,1846120953,0.10818,52663746.0,2025-04-29T05:38:36.555Z
Ethena,ENA,0.330238,1833798745,-5.76655,139695016.0,2025-04-29T05:38:32.301Z
Filecoin,FIL,2.77,1833593822,1.41986,112559250.0,2025-04-29T05:38:37.129Z
Celestia,TIA,2.9,1787219590,0.64613,105223887.0,2025-04-29T05:38:38.397Z
Sonic (prev. FTM),S,0.516284,1639202568,-1.66112,93817399.0,2025-04-29T05:38:38.820Z
Arbitrum,ARB,0.333525,1586259293,-1.21024,133484953.0,2025-04-29T05:38:35.892Z
Worldcoin,WLD,1.16,1523899733,3.66056,357631602.0,2025-04-29T05:38:41.422Z
Jupiter Perpetuals Liquidity Provider Token,JLP,4.08,1514211858,-0.61943,67565182.0,2025-04-29T05:38:43.255Z
Bonk,BONK,1.933e-05,1497789529,-3.77517,458802575.0,2025-04-29T05:38:32.645Z
First Digital USD,FDUSD,0.997567,1475653504,-0.17321,3421539039.0,2025-04-29T05:38:38.878Z
KuCoin,KCS,10.65,1331292551,1.61529,28814.0,2025-04-29T05:38:39.105Z
Jupiter,JUP,0.46616,1325466799,0.35642,63414669.0,2025-04-29T05:38:33.822Z
Solv Protocol SolvBTC,SOLVBTC,93849.0,1312544588,-0.198,1347857.0,2025-04-29T05:38:34.381Z
XDC Network,XDC,0.08274,1299465219,6.4331,38449962.0,2025-04-29T05:38:38.443Z
Stacks,STX,0.848617,1293422264,0.7225,133624051.0,2025-04-29T05:38:38.104Z
Optimism,OP,0.779154,1290724448,0.02458,149556145.0,2025-04-29T05:38:31.506Z
Maker,MKR,1518.17,1266861706,2.3763,59409905.0,2025-04-29T05:38:39.961Z
NEXO,NEXO,1.2,1204052360,8.74301,30097853.0,2025-04-29T05:38:36.899Z
Binance Staked SOL,BNSOL,153.32,1203000633,-2.04009,4047038.0,2025-04-29T05:38:43.793Z
Flare,FLR,0.01787957,1130802341,6.54465,42187021.0,2025-04-29T05:38:37.555Z
Story,IP,4.16,1116100703,8.65264,48649168.0,2025-04-29T05:38:39.131Z
Sei,SEI,0.216958,1107348718,4.57288,121975111.0,2025-04-29T05:38:36.714Z
Quant,QNT,75.7,1100772409,1.34604,19216596.0,2025-04-29T05:38:32.003Z
Fartcoin,FARTCOIN,1.089,1089745846,-4.81004,264524837.0,2025-04-29T05:38:43.708Z
Binance-Peg WETH,WETH,1795.43,1083888857,-0.0324,36246385.0,2025-04-29T05:38:41.937Z
Immutable,IMX,0.580772,1055187927,0.53274,36910185.0,2025-04-29T05:38:42.756Z
EOS,EOS,0.683589,1036876302,1.11604,136424098.0,2025-04-29T05:38:38.716Z
Kelp DAO Restaked ETH,RSETH,1872.57,1029365638,0.03764,2005869.0,2025-04-29T05:38:35.408Z
Injective,INJ,9.9,966683257,1.46501,85495185.0,2025-04-29T05:38:41.140Z
USDT0,USDT0,0.999029,963851827,-0.17862,147563677.0,2025-04-29T05:38:39.522Z
The Graph,GRT,0.09928,948043396,1.60608,45793311.0,2025-04-29T05:38:38.583Z
Virtuals Protocol,VIRTUAL,1.45,947769299,27.74689,597975663.0,2025-04-29T05:38:32.667Z
Wrapped BNB,WBNB,607.74,926106718,0.57866,106758396.0,2025-04-29T05:38:39.593Z
Binance Bridged USDC (BNB Smart Chain),USDC,1.0,899255537,0.01983,35902264.0,2025-04-29T05:38:36.297Z
PayPal USD,PYUSD,1.0,865850631,0.01944,20326733.0,2025-04-29T05:38:33.735Z
Curve DAO,CRV,0.644359,860705421,-0.18988,147545512.0,2025-04-29T05:38:39.762Z
Raydium,RAY,2.93,851745825,-0.71382,120824047.0,2025-04-29T05:38:43.212Z
Rocket Pool ETH,RETH,2034.67,841106780,-0.31326,10328367.0,2025-04-29T05:38:37.032Z
IOTA,IOTA,0.221258,824400030,0.79711,31123205.0,2025-04-29T05:38:36.784Z
FLOKI,FLOKI,8.517e-05,823557540,8.10463,230401294.0,2025-04-29T05:38:39.302Z
Tether Gold,XAUT,3311.63,816114016,0.47656,26509026.0,2025-04-29T05:38:33.452Z
JasmyCoin,JASMY,0.01668226,807599212,-0.88886,44717011.0,2025-04-29T05:38:33.684Z
Polygon Bridged USDT (Polygon),USDT,1.0,796647788,-0.02311,12277557.0,2025-04-29T05:38:40.011Z
Core,CORE,0.786888,787139267,-0.55722,35453948.0,2025-04-29T05:38:38.614Z
PAX Gold,PAXG,3314.0,786566959,0.53569,72653911.0,2025-04-29T05:38:31.426Z
Bitcoin SV,BSV,39.03,775219523,-3.43836,50609281.0,2025-04-29T05:38:38.856Z
Walrus,WAL,0.618814,773723868,-4.19379,79212742.0,2025-04-29T05:38:43.134Z
Solv Protocol xSolvBTC,XSOLVBTC,93058.0,766791265,-0.07205,716438.0,2025-04-29T05:38:40.585Z
GALA,GALA,0.01732025,765217770,3.98453,58755414.0,2025-04-29T05:38:39.950Z
Theta Network,THETA,0.760001,759036465,6.47926,31123989.0,2025-04-29T05:38:37.823Z
Lido DAO,LDO,0.840329,754698669,-0.83848,105831084.0,2025-04-29T05:38:32.326Z
Arbitrum Bridged WBTC (Arbitrum One),WBTC,94278.0,750226811,0.22436,89685943.0,2025-04-29T05:38:43.234Z
DeXe,DEXE,13.1,748159764,-0.65662,21419415.0,2025-04-29T05:38:40.405Z
Jupiter Staked SOL,JUPSOL,161.83,741907122,-1.58222,8808455.0,2025-04-29T05:38:33.163Z
Helium,HNT,4.08,740153075,0.99798,7285939.0,2025-04-29T05:38:32.931Z
The Sandbox,SAND,0.30025,734257359,1.07726,65217939.0,2025-04-29T05:38:30.723Z
USD1,USD1,1.001,727651445,0.05391,22865779.0,2025-04-29T05:38:36.194Z
Pudgy Penguins,PENGU,0.01151566,723381851,-14.14488,342817407.0,2025-04-29T05:38:42.824Z
Marinade Staked SOL,MSOL,188.91,720631157,-1.63913,11172785.0,2025-04-29T05:38:33.573Z
clBTC,CLBTC,93144.0,719369910,-0.99375,9.52,2025-04-29T05:38:35.748Z
BitTorrent,BTT,7.07233e-07,696836380,-0.88778,30922678.0,2025-04-29T05:38:34.555Z
Kaia,KAIA,0.117192,684780657,3.86057,20831764.0,2025-04-29T05:38:36.606Z
Mantle Staked Ether,METH,1909.71,678449615,-0.04164,5437309.0,2025-04-29T05:38:39.815Z
PancakeSwap,CAKE,2.09,662262481,3.27724,117480226.0,2025-04-29T05:38:40.702Z
Usual USD,USD0,0.997948,658404199,0.0093,4219863.0,2025-04-29T05:38:33.574Z
Solayer,LAYER,3.1,651447551,13.19911,242013285.0,2025-04-29T05:38:34.607Z
Flow,FLOW,0.410456,647822389,3.2615,21321222.0,2025-04-29T05:38:38.650Z
Stables Labs USDX,USDX,0.999302,625893735,-0.00698,108564.0,2025-04-29T05:38:41.281Z
Onyxcoin,XCN,0.01879765,625847359,0.53591,58746851.0,2025-04-29T05:38:35.931Z
Brett,BRETT,0.063127,625615497,-3.08428,47638843.0,2025-04-29T05:38:32.075Z
Decentraland,MANA,0.324595,605718378,4.433,59895185.0,2025-04-29T05:38:40.204Z
Movement,MOVE,0.245906,601868691,3.85011,142406197.0,2025-04-29T05:38:29.331Z
Ethereum Name Service,ENS,18.07,599351664,-0.01593,56939897.0,2025-04-29T05:38:38.617Z
dogwifhat,WIF,0.59812,597183435,-5.04636,257266720.0,2025-04-29T05:38:32.063Z
Ondo US Dollar Yield,USDY,1.11,594303777,0.04058,3010789.0,2025-04-29T05:38:35.149Z
Jito,JTO,1.82,586200880,3.7507,24250911.0,2025-04-29T05:38:33.185Z
Tezos,XTZ,0.562407,585781798,2.11696,25141005.0,2025-04-29T05:38:37.716Z
Zcash,ZEC,35.85,577626108,-1.47739,46912063.0,2025-04-29T05:38:37.844Z
Pyth Network,PYTH,0.158849,575698000,3.44728,34312436.0,2025-04-29T05:38:33.832Z
Renzo Restaked ETH,EZETH,1876.75,566619340,0.06819,817564.0,2025-04-29T05:38:38.775Z
DeepBook,DEEP,0.224082,562658494,6.33675,384347152.0,2025-04-29T05:38:40.880Z
Pendle,PENDLE,3.35,542430607,1.6372,62966172.0,2025-04-29T05:38:34.548Z
Reserve Rights,RSR,0.00935598,531193830,5.82575,33329070.0,2025-04-29T05:38:42.943Z
SPX6900,SPX,0.569377,530226953,-4.61325,27967137.0,2025-04-29T05:38:40.544Z
dYdX,DYDX,0.664008,508568902,3.42233,11655563.0,2025-04-29T05:38:32.966Z
MANTRA,OM,0.527398,505280707,0.9471,141824019.0,2025-04-29T05:38:43.536Z
Kava,KAVA,0.459512,497766419,1.6315,25798185.0,2025-04-29T05:38:39.831Z
TrueUSD,TUSD,0.999178,495106258,0.05286,27013529.0,2025-04-29T05:38:39.049Z
Aerodrome Finance,AERO,0.610576,492868019,0.51499,35988349.0,2025-04-29T05:38:35.627Z
Telcoin,TEL,0.00535769,492448777,-3.67892,1803656.0,2025-04-29T05:38:31.916Z
MultiversX,EGLD,17.42,490855910,1.10326,19313376.0,2025-04-29T05:38:37.665Z
Beldex,BDX,0.068003,485981425,0.21471,4064223.0,2025-04-29T05:38:37.962Z
uBTC,UBTC,94865.0,483669526,,99.43,2025-04-25T10:06:09.715Z
THORChain,RUNE,1.37,481750604,2.02295,130972831.0,2025-04-29T05:38:37.567Z
Avalanche Bridged BTC (Avalanche),BTC.B,94348.0,479150329,0.3559,43177367.0,2025-04-29T05:38:42.552Z
AIOZ Network,AIOZ,0.408035,478267551,-0.17396,13386071.0,2025-04-29T05:38:32.662Z
Sonic Bridged USDC.e (Sonic),USDC.E,0.999721,474259428,-0.01831,47025932.0,2025-04-29T05:38:42.168Z
pumpBTC,PUMPBTC,92076.0,473154632,1.73566,24367.0,2025-04-29T05:38:41.498Z
Bridged USDC (Polygon PoS Bridge),USDC.E,0.9999,466966641,-0.00037,14248073.0,2025-04-29T05:38:43.270Z
StakeWise Staked ETH,OSETH,1875.52,464735413,-0.05632,1628673.0,2025-04-29T05:38:40.864Z
Arweave,AR,7.05,461107377,2.38691,34845332.0,2025-04-29T05:38:37.230Z
Binance-Peg Dogecoin,DOGE,0.178142,456755557,-0.51999,1112606.0,2025-04-29T05:38:37.330Z
eCash,XEC,2.255e-05,448401086,1.05457,24734209.0,2025-04-29T05:38:37.379Z
Grass,GRASS,1.62,444898117,-1.68774,29167560.0,2025-04-29T05:38:32.638Z
ApeCoin,APE,0.556098,444623012,4.36375,39023942.0,2025-04-29T05:38:32.183Z
Starknet,STRK,0.152579,443228010,1.40226,24737743.0,2025-04-29T05:38:38.911Z
NEO,NEO,6.27,442533669,1.34233,31798062.0,2025-04-29T05:38:36.904Z
tBTC,TBTC,94159.0,425331991,0.26387,9379417.0,2025-04-29T05:38:42.135Z
OUSG,OUSG,110.86,423382647,0.02216,0.0,2025-04-29T05:35:08.807Z
Axie Infinity,AXS,2.63,423151205,5.3227,21849191.0,2025-04-29T05:38:38.150Z
L2 Standard Bridged WETH (Base),WETH,1794.54,422299191,0.04167,497735804.0,2025-04-29T05:38:32.511Z
Wormhole,W,0.09207,419665859,5.74783,53264274.0,2025-04-29T05:38:43.857Z
Polygon,MATIC,0.242974,418907435,2.1679,4510028.0,2025-04-29T05:38:34.403Z
APENFT,NFT,4.22891e-07,418706890,0.62642,32367267.0,2025-04-29T05:38:34.201Z
Conflux,CFX,0.080668,413779019,3.87381,48198790.0,2025-04-29T05:38:38.410Z
Hashnote USYC,USYC,1.086,407633236,0.08304,611101.0,2025-04-28T23:00:52.477Z
USDB,USDB,1.001,406298887,0.34113,1798077.0,2025-04-29T05:38:41.172Z
Chiliz,CHZ,0.04245946,405866864,4.23776,35661727.0,2025-04-29T05:38:43.114Z
Berachain,BERA,3.69,402869424,3.38185,79963593.0,2025-04-29T05:38:38.640Z
Mantle Restaked ETH,CMETH,1909.24,388542622,0.00735,3547317.0,2025-04-29T05:38:40.760Z
Super OETH,SUPEROETHB,1793.82,387819480,-0.01397,116487.0,2025-04-29T05:38:39.929Z
JUST,JST,0.03852302,380852919,4.06379,220557383.0,2025-04-29T05:38:34.530Z
Compound,COMP,42.36,378728567,-1.69663,68487981.0,2025-04-29T05:38:38.705Z
Beam,BEAM,0.00718415,376540238,0.93153,34559582.0,2025-04-29T05:38:32.148Z
Arbitrum Bridged WETH (Arbitrum One),WETH,1794.66,366637527,0.0154,308674036.0,2025-04-29T05:38:36.462Z
Popcat,POPCAT,0.366553,358708842,-8.80219,203702505.0,2025-04-29T05:38:43.504Z
Akash Network,AKT,1.44,355598422,17.58909,42686521.0,2025-04-29T05:38:34.412Z
Olympus,OHM,21.62,354007382,-0.03615,438159.0,2025-04-29T05:38:32.461Z
Mantle Bridged USDT (Mantle),USDT,0.999385,349875449,-0.12802,841288.0,2025-04-29T05:38:41.900Z
Ronin,RON,0.562827,348306054,2.0023,7686627.0,2025-04-29T05:38:41.068Z
Axelar,AXL,0.3679,347185816,-0.17912,9263235.0,2025-04-29T05:38:31.116Z
Amp,AMP,0.00409699,345140461,0.9817,12818108.0,2025-04-29T05:38:42.851Z
Sun Token,SUN,0.01790934,344607473,1.64627,35104562.0,2025-04-29T05:38:34.234Z
Saros,SAROS,0.131182,344407445,-0.27332,19012729.0,2025-04-29T05:38:34.477Z
Trust Wallet,TWT,0.821177,342062228,2.03107,7529567.0,2025-04-29T05:38:32.847Z
ether.fi Staked ETH,EETH,1789.56,341153151,0.33807,5768.46,2025-04-29T05:38:43.071Z
USDD,USDD,0.999979,339455459,-0.03123,23229303.0,2025-04-29T05:38:35.066Z
Terra Luna Classic,LUNC,6.246e-05,339283707,-1.46754,8946539.0,2025-04-29T05:38:38.774Z
Plume,PLUME,0.168731,337159159,-0.38791,25981152.0,2025-04-29T05:38:45.113Z
Turbo,TURBO,0.00482641,333084319,-1.64611,128031670.0,2025-04-29T05:38:52.876Z
ai16z,AI16Z,0.30228,332358905,22.29227,183957165.0,2025-04-29T05:38:47.627Z
LayerZero,ZRO,2.95,327320551,1.61289,67177872.0,2025-04-29T05:38:46.537Z
cgETH Hashkey Cloud,CGETH.HASHKEY,1833.93,326792002,0.30628,23.32,2025-04-29T05:38:54.505Z
MimbleWimbleCoin,MWC,29.71,326282114,3.35176,180531.0,2025-04-29T05:38:51.585Z
SuperVerse,SUPER,0.717122,323745642,5.16337,15197106.0,2025-04-29T05:38:53.913Z
Binance-Peg BUSD,BUSD,1.0,323548342,0.11107,4115620.0,2025-04-29T05:38:41.771Z
Frax,FRAX,1.0,319840217,0.01638,3064879.0,2025-04-29T05:38:48.444Z
Creditcoin,CTC,0.710522,319293939,2.17046,14887564.0,2025-04-29T05:38:48.989Z
Ripple USD,RLUSD,1.0,317056934,0.03153,43615735.0,2025-04-29T05:38:42.739Z
WEMIX,WEMIX,0.734814,308857842,2.94158,1674499.0,2025-04-29T05:38:49.984Z
Polygon Bridged WBTC (Polygon POS),WBTC,94279.0,303882396,0.28513,3685959.0,2025-04-29T05:38:54.648Z
Mina Protocol,MINA,0.244633,300571590,1.5183,12658769.0,2025-04-29T05:38:51.559Z
Infrared Bera,IBERA,3.69,298211991,3.04524,407640.0,2025-04-29T05:38:48.465Z
Cheems Token,CHEEMS,1.46e-06,296278427,3.86186,5212743.0,2025-04-29T05:38:53.466Z
Gnosis,GNO,112.84,292064736,0.06214,7731245.0,2025-04-29T05:38:46.171Z
Dash,DASH,23.84,291645064,8.71987,76145163.0,2025-04-29T05:38:51.566Z
Venom,VENOM,0.140196,290470447,1.11958,915226.0,2025-04-29T05:38:49.971Z
Resolv USR,USR,0.999809,289695485,0.00207,5878750.0,2025-04-29T05:38:45.591Z
StakeStone Berachain Vault Token,BERASTONE,1781.43,287131691,0.01526,790530.0,2025-04-29T05:38:51.177Z
1inch,1INCH,0.203564,282269721,0.64051,24855997.0,2025-04-29T05:38:53.903Z
Morpho,MORPHO,1.18,282059060,-5.60596,13625162.0,2025-04-29T05:38:45.483Z
Safe,SAFE,0.495973,281456246,12.81803,31017046.0,2025-04-29T05:38:45.420Z
Honey,HONEY,0.999394,280712514,-0.05439,12755426.0,2025-04-29T05:38:41.720Z
Golem,GLM,0.278841,278734807,1.63016,12124124.0,2025-04-29T05:38:47.664Z
Quorium,QGOLD,3308.99,277954990,-0.34106,89749.0,2025-04-29T05:38:53.228Z
Moca Network,MOCA,0.103111,275607724,24.30171,248613831.0,2025-04-29T05:38:54.287Z
Ether.fi Staked BTC,EBTC,94307.0,275053214,0.36347,594143.0,2025-04-29T05:38:45.819Z
Dog (Bitcoin),DOG,0.00272691,272699337,3.54194,12913160.0,2025-04-29T05:38:43.161Z
MX,MX,2.84,267665850,1.48011,9688328.0,2025-04-29T05:38:53.608Z
SafePal,SFP,0.535239,267626155,2.854,4266185.0,2025-04-29T05:38:40.547Z
Kusama,KSM,16.29,267439204,1.96967,10307351.0,2025-04-29T05:38:49.926Z
Polygon PoS Bridged WETH (Polygon POS),WETH,1795.78,265960365,0.09103,8430507.0,2025-04-29T05:38:52.021Z
Wrapped HYPE,WHYPE,18.37,265617832,2.31907,27139086.0,2025-04-29T05:38:45.274Z
Snek,SNEK,0.00356052,265034887,-3.48636,3746778.0,2025-04-29T05:38:42.208Z
Stader ETHx,ETHX,1896.64,264284702,-0.06513,17874.9,2025-04-29T05:38:48.813Z
Theta Fuel,TFUEL,0.03775376,261169817,1.84166,3922631.0,2025-04-29T05:38:49.416Z
Global Dollar,USDG,1.0,259458963,0.05049,4418698.0,2025-04-29T05:38:50.071Z
Zilliqa,ZIL,0.01300946,258268319,1.43543,14819458.0,2025-04-29T05:38:49.843Z
Notcoin,NOT,0.00251674,257646402,-1.36237,40531511.0,2025-04-29T05:38:55.239Z
cat in a dogs world,MEW,0.00289797,257532458,1.83301,51539207.0,2025-04-29T05:38:46.971Z
Blur,BLUR,0.111101,256919227,1.17689,20620176.0,2025-04-29T05:38:45.614Z
Aethir,ATH,0.02998868,254284188,5.74756,35875494.0,2025-04-29T05:38:50.977Z
cWBTC,CWBTC,1894.72,254116600,0.27353,0.0,2025-04-29T05:35:13.941Z
Synthetix Network,SNX,0.738822,250789398,2.60683,27128566.0,2025-04-29T05:38:51.308Z
Eigenlayer,EIGEN,0.955588,250514120,2.88942,33427301.0,2025-04-29T05:38:55.426Z
Arkham,ARKM,0.61672,250312347,4.86644,85284139.0,2025-04-29T05:38:46.861Z
Ket,KET,0.251075,250045523,5.87541,7639971.0,2025-04-29T05:38:49.270Z
SyrupUSDC,SYRUPUSDC,1.097,249568231,0.02721,433970.0,2025-04-29T05:38:47.749Z
Wrapped AVAX,WAVAX,21.78,247532118,-0.24629,122892644.0,2025-04-29T05:38:50.406Z
Mog Coin,MOG,6.31495e-07,246611933,2.74624,14972182.0,2025-04-29T05:38:50.406Z
Nervos Network,CKB,0.00518691,240801351,4.88227,9474713.0,2025-04-29T05:38:49.788Z
VeThor,VTHO,0.0027002,240204025,2.29712,10394220.0,2025-04-29T05:38:49.337Z
Stargate Bridged USDC (Berachain),USDC.E,0.999603,238569550,-0.13884,4512566.0,2025-04-29T05:38:45.011Z
Coinbase Wrapped Staked ETH,CBETH,1966.99,238300572,-0.1944,3292063.0,2025-04-29T05:38:51.153Z
Swell Ethereum,SWETH,1954.31,237103193,-0.20373,112943.0,2025-04-29T05:38:53.952Z
aBTC,ABTC,93999.0,236733663,-0.0916,585365.0,2025-04-29T05:38:44.713Z
0x Protocol,ZRX,0.278132,236211694,3.90008,45089537.0,2025-04-29T05:38:53.696Z
Decred,DCR,13.94,234372082,0.33883,1319257.0,2025-04-29T05:38:50.793Z
Qtum,QTUM,2.22,234182292,1.23313,18716827.0,2025-04-29T05:38:50.144Z
GHO,GHO,0.999761,232345984,-0.02296,13667116.0,2025-04-29T05:38:43.519Z
BTSE Token,BTSE,1.43,231445634,1.60674,1357374.0,2025-04-29T05:38:45.869Z
EURC,EURC,1.14,230690148,0.14138,85093647.0,2025-04-29T05:38:55.039Z
Basic Attention,BAT,0.152087,227406260,4.60255,31137402.0,2025-04-29T05:38:53.099Z
Astar,ASTR,0.02928834,223981543,1.54025,9786283.0,2025-04-29T05:38:49.768Z
Verus,VRSC,2.84,223467457,-10.81419,6601.35,2025-04-29T05:38:49.950Z
Frax Share,FXS,2.49,223404813,0.05069,15755338.0,2025-04-29T05:38:43.144Z
BENQI Liquid Staked AVAX,SAVAX,26.22,223161439,-0.32196,1395920.0,2025-04-29T05:38:54.948Z
Convex Finance,CVX,2.72,223028792,0.63226,13722819.0,2025-04-29T05:38:45.044Z
Gas,GAS,3.42,222663384,-1.15453,14775854.0,2025-04-29T05:38:42.909Z
ZKsync,ZK,0.060518,222418944,3.24176,30073023.0,2025-04-29T05:38:45.684Z
KAITO,KAITO,0.91861,221732317,-3.71146,54969887.0,2025-04-29T05:38:48.624Z
Baby Doge Coin,BABYDOGE,1.338e-09,221527855,1.00225,25776011.0,2025-04-29T05:38:51.580Z
Liquid Staked ETH,LSETH,1934.13,220278914,0.0377,1693098.0,2025-04-29T05:38:53.019Z
Frax Ether,FRXETH,1791.52,216700851,0.3149,419126.0,2025-04-29T05:38:45.326Z
Harmony,ONE,0.01485995,215367567,13.39372,21851943.0,2025-04-29T05:38:49.816Z
USDa,USDA,0.999695,210369376,0.10563,330505.0,2025-04-29T05:38:48.265Z
ZetaChain,ZETA,0.268783,210320975,6.05209,33021871.0,2025-04-29T05:38:53.929Z
Livepeer,LPT,5.22,209815775,1.18811,16085463.0,2025-04-29T05:38:46.574Z
Stargate Finance,STG,0.215801,209603099,5.55817,9945864.0,2025-04-29T05:38:53.584Z
SwissBorg,BORG,0.212455,208863860,0.61522,1109444.0,2025-04-29T05:38:51.436Z
CHEX Token,CHEX,0.208766,208768237,5.24355,1029712.0,2025-04-29T05:38:48.672Z
Babylon,BABY,0.090392,206911752,11.15024,90530039.0,2025-04-29T05:38:51.132Z
Drift Staked SOL,DSOL,162.43,205999612,-1.77065,113796.0,2025-04-29T05:38:44.260Z
Gigachad,GIGA,0.02135129,204923044,-5.30754,9754564.0,2025-04-29T05:38:42.962Z
Bybit Staked SOL,BBSOL,158.03,203954653,-1.67003,630627.0,2025-04-29T05:38:49.934Z
Ankr Network,ANKR,0.02036041,203390746,2.77615,14811516.0,2025-04-29T05:38:48.250Z
EthereumPoW,ETHW,1.87,202599694,-2.60529,13308651.0,2025-04-29T05:38:51.892Z
Trip,TRIP,6.78,200027931,0.41476,21560.0,2025-04-29T05:38:51.510Z
Oasis,ROSE,0.02966513,199800088,1.36983,10772518.0,2025-04-29T05:38:54.258Z
Siacoin,SC,0.00354901,198835842,1.60813,20264585.0,2025-04-29T05:38:49.142Z
yearn.finance,YFI,5883.83,198807779,-5.94887,28562997.0,2025-04-29T05:38:53.345Z
Falcon USD,USDF,1.0,197769470,-0.02567,5977813.0,2025-04-29T05:38:55.178Z
Celo,CELO,0.346682,197003686,3.4546,18448853.0,2025-04-29T05:38:44.468Z
Kadena,KDA,0.626915,196660580,3.97423,25049657.0,2025-04-29T05:38:50.455Z
OriginTrail,TRAC,0.387007,193331111,-0.58624,2028056.0,2025-04-29T05:38:49.502Z
XYO Network,XYO,0.01381216,192440231,2.91951,9778152.0,2025-04-29T05:38:45.185Z
Vana,VANA,6.2,191178516,5.32963,46730848.0,2025-04-29T05:38:50.245Z
Holo,HOT,0.00107241,190420467,1.77457,7000182.0,2025-04-29T05:38:46.194Z
AgentFun.AI,AGENTFUN,1.88,189573096,0.59551,15838.7,2025-04-29T05:38:53.822Z
UXLINK,UXLINK,0.463481,189526361,3.24471,36858132.0,2025-04-29T05:38:54.216Z
Casper Network,CSPR,0.01447242,188589274,-13.79972,87801005.0,2025-04-29T05:38:43.051Z
Polymesh,POLYX,0.160725,185868631,3.2942,4146512.0,2025-04-29T05:38:51.450Z
AI Companions,AIC,0.184503,184471842,-5.63482,10389005.0,2025-04-29T05:38:50.743Z
IoTeX,IOTX,0.01952547,184392726,3.52174,8119775.0,2025-04-29T05:38:46.558Z
Ravencoin,RVN,0.01218752,183723593,3.35336,16482637.0,2025-04-29T05:38:52.870Z
aelf,ELF,0.246582,182361891,0.53253,5157292.0,2025-04-29T05:38:46.523Z
GAMA Coin,GAMA,1.69,181494669,,17981.17,2025-04-23T10:11:02.767Z
Threshold Network,T,0.01785431,180789381,1.125,8900444.0,2025-04-29T05:38:52.219Z
Peanut the Squirrel,PNUT,0.179604,179662324,1.03517,134616528.0,2025-04-29T05:38:43.683Z
Spiko EU T-Bills Money Market Fund,EUTBL,1.17,178210126,0.07749,0.0,2025-04-29T05:35:04.474Z
Elixir deUSD,DEUSD,0.999533,177501401,-0.00396,1733711.0,2025-04-29T05:38:53.668Z
NEM,XEM,0.01967982,177088241,-1.45365,24377593.0,2025-04-29T05:38:52.152Z
CoinEx,CET,0.065564,176749717,-2.79699,162510.0,2025-04-29T05:38:52.549Z
Qubic,QUBIC,1.5e-06,174969960,1.89344,3929250.0,2025-04-29T05:38:50.564Z
Orca,ORCA,2.91,174693025,2.62784,46653894.0,2025-04-29T05:38:47.282Z
Toshi,TOSHI,0.00041416,174232271,0.4277,14255143.0,2025-04-29T05:38:50.470Z
Melania Meme,MELANIA,0.437538,173364313,-1.6134,27939612.0,2025-04-29T05:38:46.272Z
Osmosis,OSMO,0.238396,172641954,-1.69648,8450719.0,2025-04-29T05:38:48.163Z
DigiByte,DGB,0.00977558,172635846,-0.69412,3426569.0,2025-04-29T05:38:51.142Z
Hamster Kombat,HMSTR,0.00267156,172018439,0.39689,14855354.0,2025-04-29T05:38:44.670Z
ORDI,ORDI,8.15,171251759,-1.99509,58091290.0,2025-04-29T05:38:44.527Z
Chia,XCH,11.78,171146454,-4.42133,7089153.0,2025-04-29T05:38:51.760Z
RCGE,$RCGE,0.01421518,168805259,,2.43,2024-12-07T21:06:42.704Z
Drift Protocol,DRIFT,0.567256,168798658,6.70967,43093147.0,2025-04-29T05:38:44.909Z
Level USD,LVLUSD,1.0,168433511,0.02987,315780.0,2025-04-29T05:38:47.276Z
Fluid,FLUID,4.24,167179344,-1.02413,4102725.0,2025-04-29T05:38:47.037Z
Treehouse ETH,TETH,2153.12,166020056,-0.02942,594750.0,2025-04-29T05:38:52.174Z
Entangle,NTGL,0.00027394,165583342,-23.88986,23488.0,2025-04-29T05:38:53.073Z
Polygon PoS Bridged DAI (Polygon POS),DAI,0.999877,164977840,-0.01195,2293022.0,2025-04-29T05:38:54.547Z
GoMining Token,GOMINING,0.396635,161971069,-0.24633,11970893.0,2025-04-29T05:38:47.994Z
Metaplex,MPLX,0.204479,161471815,-2.33757,1196200.0,2025-04-29T05:38:46.846Z
GMT,GMT,0.057186,161106444,3.92313,43648538.0,2025-04-29T05:38:43.613Z
Binance-Peg SOL,SOL,146.42,161053148,-1.82115,3543478.0,2025-04-29T05:38:45.381Z
KOGE,KOGE,47.62,160956762,1.62242,718591.0,2025-04-29T05:38:53.547Z
Staked Frax Ether,SFRXETH,2006.31,160687936,-0.49207,305099.0,2025-04-29T05:38:50.309Z
crvUSD,CRVUSD,1.0,160622084,-0.00632,9022221.0,2025-04-29T05:38:54.597Z
Echelon Prime,PRIME,2.76,159913253,-0.49153,6594670.0,2025-04-29T05:38:49.986Z
Bridged Ether (StarkGate),ETH,1791.71,159692852,-0.25364,1729173.0,2025-04-29T05:38:45.091Z
Enjin Coin,ENJ,0.087202,159605061,4.18983,20315713.0,2025-04-29T05:38:55.067Z
GMX,GMX,15.63,157980522,0.51466,14417989.0,2025-04-29T05:38:55.284Z
Kula,KULA,0.236699,156696005,-0.3993,1308085.0,2025-04-29T05:38:48.534Z
Euler,EUL,8.31,154270682,-1.41525,2321104.0,2025-04-29T05:38:52.732Z
Freysa AI,FAI,0.01879285,153914481,-1.42661,1266908.0,2025-04-29T05:38:49.983Z
Big Time,BIGTIME,0.083049,153075528,4.07732,51627325.0,2025-04-29T05:38:45.572Z
Kinesis Gold,KAU,106.41,152688865,0.30413,59336290.0,2025-04-29T05:38:49.918Z
Magic Eden,ME,1.036,152045971,4.89241,117047645.0,2025-04-29T05:38:47.089Z
Cetus Protocol,CETUS,0.210532,150277699,-1.63078,88913261.0,2025-04-29T05:38:46.662Z
Zano,ZANO,10.19,149988110,1.0516,781380.0,2025-04-29T05:38:50.321Z
Horizen,ZEN,9.25,147865050,-0.61461,16840676.0,2025-04-29T05:38:51.310Z
Alchemist AI,ALCH,0.1733,147750462,-0.32196,41459545.0,2025-04-29T05:38:46.719Z
OpenEden OpenDollar,USDO,1.0,147157456,-0.01487,5474.79,2025-04-29T05:38:48.048Z
Rollbit Coin,RLB,0.067762,144421296,-3.28744,522851.0,2025-04-29T05:38:52.524Z
Tribe,TRIBE,0.316687,144097557,-0.37626,73153.0,2025-04-29T05:38:51.298Z
SWFTCOIN,SWFTC,0.01439701,143971774,-4.95638,4720441.0,2025-04-29T05:38:52.767Z
Ontology,ONT,0.156921,143399383,0.49675,6975103.0,2025-04-29T05:38:51.851Z
Diverge Loop,DLC,0.160417,142740388,0.24989,102295.0,2025-04-29T05:38:53.717Z
MEOW,MEOW,0.00157297,142433186,-1.37864,60491.0,2025-04-29T05:38:43.648Z
STASIS EURO,EURS,1.14,141239629,3.51828,365510.0,2025-04-29T05:38:52.865Z
LCX,LCX,0.149372,140533985,-0.64182,1124383.0,2025-04-29T05:38:52.337Z
World Mobile Token,WMTX,0.192371,139202781,3.23316,6448578.0,2025-04-29T05:38:53.044Z
Constellation,DAG,0.03912177,138952191,0.40804,1635337.0,2025-04-29T05:38:48.816Z
COTI,COTI,0.076862,137774693,-0.90193,16270837.0,2025-04-29T05:38:52.897Z
Amnis Aptos,AMAPT,5.46,137706809,0.44423,496936.0,2025-04-29T05:38:53.518Z
MAG7.ssi,MAG7.SSI,0.70991,137445651,-0.40143,980417.0,2025-04-29T05:38:48.618Z
SQD,SQD,0.209488,137161595,1.13803,1346169.0,2025-04-29T05:38:53.467Z
Solar,SXP,0.2135,136531280,5.7022,9544292.0,2025-04-29T05:38:48.458Z
SKALE,SKL,0.02362111,136414371,1.13704,14426257.0,2025-04-29T05:38:52.071Z
Wrapped Ether (Mantle Bridge),WETH,1793.1,136234869,-0.1344,2556212.0,2025-04-29T05:38:54.054Z
WOO,WOO,0.070954,135878762,1.57003,9508638.0,2025-04-29T05:38:44.307Z
Wrapped Beacon ETH,WBETH,1916.6,135784740,-0.07445,9138599.0,2025-04-29T05:38:49.136Z
Ether.fi,ETHFI,0.578996,135714930,2.97871,46383595.0,2025-04-29T05:38:54.963Z
Conscious Token,CONSCIOUS,0.135663,135671537,-11.14675,73716.0,2025-04-29T05:38:47.828Z
Optio,OPT,0.02481505,135497817,4.25288,35573.0,2025-04-29T05:38:51.305Z
Maple Finance,SYRUP,0.144237,135086668,-2.56174,7051523.0,2025-04-29T05:38:45.841Z
Band Protocol,BAND,0.862299,134365422,3.97928,6155103.0,2025-04-29T05:38:50.165Z
Alchemy Pay,ACH,0.02706364,133835655,-0.18204,27029907.0,2025-04-29T05:38:53.812Z
Sushi,SUSHI,0.69269,133483249,2.53337,31591067.0,2025-04-29T05:38:46.362Z
Compounding OpenDollar,CUSDO,1.014,132903959,-0.03933,8654817.0,2025-04-29T05:38:50.081Z
Hivemapper,HONEY,0.03190354,132804609,-0.13108,1556895.0,2025-04-29T05:38:42.424Z
Staked HYPE,STHYPE,18.37,132548660,2.30103,2795039.0,2025-04-29T05:38:42.240Z
PAAL AI,PAAL,0.147778,132482016,-3.58454,8684249.0,2025-04-29T05:38:53.450Z
Loopring,LRC,0.105534,131519063,1.32818,10794936.0,2025-04-29T05:38:53.028Z
Polyhedra Network,ZKJ,2.15,129836298,-0.07875,36703523.0,2025-04-29T05:38:51.583Z
Cronos Bridged USDC (Cronos),USDC,0.999286,129353155,0.05675,1034187.0,2025-04-29T05:38:51.822Z
Biconomy,BICO,0.136476,129229239,0.33401,6079347.0,2025-04-29T05:38:54.261Z
Aster USDF,USDF,0.998819,128865118,-0.00491,575928.0,2025-04-29T05:38:45.031Z
Terra,LUNA,0.186595,128321245,1.39851,11694993.0,2025-04-29T05:38:51.671Z
Non-Playable Coin,NPC,0.01592902,128301169,-1.84849,5612017.0,2025-04-29T05:38:49.069Z
aixbt by Virtuals,AIXBT,0.150681,128241192,7.80527,130589962.0,2025-04-29T05:38:45.438Z
io.net,IO,0.834011,128122782,3.02417,29855708.0,2025-04-29T05:38:44.576Z
KUB Coin,KUB,1.44,128093522,0.46456,526615.0,2025-04-29T05:38:51.260Z
Kinesis Silver,KAG,33.31,127225177,0.81703,185502.0,2025-04-29T05:38:51.211Z
Nano,XNO,0.949229,126471914,-0.16433,4269756.0,2025-04-29T05:38:51.644Z
CoW Protocol,COW,0.303025,126402849,-0.10075,30727350.0,2025-04-29T05:38:53.288Z
Bio Protocol,BIO,0.076243,126332291,0.33704,39578862.0,2025-04-29T05:38:52.157Z
GOHOME,GOHOME,251.07,125441083,1.83028,7497215.0,2025-04-29T05:38:55.113Z
Galxe,GAL,0.980856,125303643,2.50706,20621.0,2025-04-29T05:38:45.590Z
Flux,FLUX,0.324211,124191922,13.84151,12015705.0,2025-04-29T05:38:50.068Z
Gamebitcoin Power,PWR,0.113129,124054505,-1.04788,55703.0,2025-04-29T05:38:51.429Z
Aster Staked BNB,ASBNB,637.79,123833257,0.61916,30205.0,2025-04-29T05:38:47.020Z
Anzen USDz,USDZ,0.970912,123517530,0.92918,352896.0,2025-04-29T05:38:48.787Z
Hive,HIVE,0.256494,121958552,2.90036,11189502.0,2025-04-29T05:38:51.204Z
Ardor,ARDR,0.12094,120780659,-9.04027,122844881.0,2025-04-29T05:38:50.233Z
Elixir Staked deUSD,SDEUSD,1.037,120413976,-0.08987,15951.79,2025-04-29T05:38:45.514Z
NKYC Token,NKYC,30.06,120223032,5.06155,262188.0,2025-04-29T05:38:45.371Z
ZIGChain,ZIG,0.084939,119674573,13.43217,4744105.0,2025-04-29T05:38:49.850Z
Mask Network,MASK,1.19,119269731,0.18173,32000727.0,2025-04-29T05:38:46.264Z
B3 (Base),B3,0.00545835,119117916,16.41261,15361501.0,2025-04-29T05:38:51.124Z
Steakhouse USDC Morpho Vault,STEAKUSDC,1.082,118822823,0.01664,0.0,2025-04-29T05:35:09.268Z
Waves,WAVES,1.19,118712814,1.45739,15668171.0,2025-04-29T05:38:55.085Z
APF coin,APFC,0.694709,118283088,0.64193,2954987.0,2025-04-29T05:38:48.151Z
Illuvium,ILV,15.59,117638174,3.53327,15402112.0,2025-04-29T05:38:47.706Z
Ozone Chain,OZO,0.149133,117235738,0.66654,243131.0,2025-04-29T05:38:51.419Z
Mythos,MYTH,0.146854,116903609,4.25851,2906999.0,2025-04-29T05:38:51.991Z
Delysium,AGI,0.070187,116343025,8.06894,10472280.0,2025-04-29T05:38:48.139Z
Zeus Network,ZEUS,0.303016,115976371,2.91888,4849933.0,2025-04-29T05:38:48.251Z
RedStone,RED,0.412548,115393879,0.06267,17616567.0,2025-04-29T05:38:51.359Z
Function Æ’BTC,FBTC,94379.0,114935358,0.05788,668888.0,2025-04-29T05:38:51.573Z
ETHPlus,ETH+,1876.97,114677250,-0.07793,296859.0,2025-04-29T05:38:53.429Z
Beets Staked Sonic,STS,0.524221,113949773,-0.9483,9493708.0,2025-04-29T05:38:53.683Z
ICON,ICX,0.106759,113243353,2.28826,2500428.0,2025-04-29T05:38:50.786Z
Venice Token,VVV,3.83,112519138,5.32304,13184837.0,2025-04-29T05:38:50.567Z
Stratis,STRAX,0.05716,112130285,-0.30267,10417499.0,2025-04-29T05:38:50.872Z
BitDCA,BDCA,0.842854,112022221,1.24661,276043.0,2025-04-29T05:38:52.776Z
Nexus Mutual,NXM,40.86,111911102,-0.03639,0.0,2025-04-29T05:35:03.829Z
AltLayer,ALT,0.03393125,111077314,10.53068,44797770.0,2025-04-29T05:38:48.349Z
Usual,USUAL,0.132414,111037894,-2.21282,23022038.0,2025-04-29T05:38:51.461Z
Arbitrum Bridged USDC (Arbitrum),USDC.E,1.0,110127695,0.0742,30093537.0,2025-04-29T05:38:55.291Z
Gravity (prev. GAL),G,0.01518194,109701440,4.25767,10443197.0,2025-04-29T05:38:48.633Z
Clearpool,CPOOL,0.143859,109309151,-0.15939,5117581.0,2025-04-29T05:38:45.911Z
VVS Finance,VVS,2.26e-06,109049717,0.2436,125194.0,2025-04-29T05:38:55.131Z
Animecoin,ANIME,0.0196861,108796373,5.37172,41384642.0,2025-04-29T05:38:43.975Z
BOOK OF MEME,BOME,0.00157176,108514535,-0.5952,36084338.0,2025-04-29T05:38:47.952Z
Prom,PROM,5.91,107832274,0.24491,3645248.0,2025-04-29T05:38:54.766Z
ViciCoin,VCNT,18.69,106481160,-0.02901,283901.0,2025-04-29T05:38:47.920Z
BORA,BORA,0.090966,105016444,1.62239,2803334.0,2025-04-29T05:38:52.337Z
Aevo,AEVO,0.116241,104976321,4.11004,16355015.0,2025-04-29T05:38:50.408Z
BLOCKv,VEE,0.02866242,104511065,5.20961,121065.0,2025-04-29T05:38:42.860Z
UMA,UMA,1.21,104414572,2.45978,8835931.0,2025-04-29T05:38:52.222Z
Metis,METIS,16.3,103937749,2.38606,7470807.0,2025-04-29T05:38:48.645Z
Neiro,NEIRO,0.00024586,103275144,3.01824,43841562.0,2025-04-29T05:38:53.733Z
Manta Network,MANTA,0.250351,103158342,7.88195,17578788.0,2025-04-29T05:38:48.981Z
Moonwell,WELL,0.0309441,103147568,-2.43722,3657312.0,2025-04-29T05:38:45.042Z
STP,STPT,0.053068,103077966,0.97541,9818626.0,2025-04-29T05:38:53.138Z
peaq,PEAQ,0.135597,103024494,-0.59374,5473909.0,2025-04-29T05:38:50.209Z
Wrapped fragSOL,WFRAGSOL,152.75,102642693,-1.50746,583633.0,2025-04-29T05:38:47.568Z
Zebec Network,ZBCN,0.00130198,102345206,11.79021,17497477.0,2025-04-29T05:38:47.574Z
Dymension,DYM,0.364503,101872546,14.51304,16336455.0,2025-04-29T05:38:47.176Z
Velo,VELO,0.01376763,101766653,2.30258,11493806.0,2025-04-29T05:38:46.109Z
Sonic SVM,SONIC,0.281451,100990246,8.27945,107060268.0,2025-04-29T05:38:54.788Z
Initia,INIT,0.678047,100827356,-0.82923,193799015.0,2025-04-29T05:38:47.678Z
Audius,AUDIO,0.07647,100742307,-0.42484,8307567.0,2025-04-29T05:38:53.759Z
QL1 Bridged USDT (QL1),QUSDT,1.0,100024797,0.00138,66657.0,2025-04-29T05:38:51.394Z
XPR Network,XPR,0.00365323,99749083,-0.24146,2705922.0,2025-04-29T05:38:52.725Z
Spell,SPELL,0.00062215,99640883,0.00413,13470854.0,2025-04-29T05:38:52.757Z
Powerledger,POWR,0.187491,99259076,1.72141,5383560.0,2025-04-29T05:38:45.659Z
SATS (Ordinals),SATS,4.7181e-08,99097556,1.6946,15967581.0,2025-04-29T05:38:43.666Z
Resupply USD,REUSD,0.991612,99082784,0.09495,1292007.0,2025-04-29T05:38:45.000Z
Pundi X,PUNDIX,0.383169,99012400,31.48036,72206224.0,2025-04-29T05:38:53.183Z
Orbs,ORBS,0.02149954,98537509,0.44814,4321179.0,2025-04-29T05:38:55.272Z
OKT Chain,OKT,5.5,98056599,2.57765,428633.0,2025-04-29T05:38:52.029Z
Radix,XRD,0.00910209,97705588,-2.31967,1183056.0,2025-04-29T05:38:49.390Z
Api3,API3,0.814101,97702601,4.64579,22902152.0,2025-04-29T05:38:53.105Z
Lorenzo stBTC,STBTC,93856.0,97673004,0.52951,27112.0,2025-04-29T05:38:54.078Z
Lisk,LSK,0.542457,97405488,3.59775,17023812.0,2025-04-29T05:38:45.826Z
SingularityNET,AGIX,0.314107,97259570,-3.46569,44171.0,2025-04-29T05:38:45.122Z
Across Protocol,ACX,0.231786,96404073,6.70122,13229416.0,2025-04-29T05:38:44.329Z
Ecoin,ECOIN,0.00020906,96402827,-0.01053,1.59,2025-04-28T18:24:08.076Z
IOST,IOST,0.00405104,96280325,1.90263,6028687.0,2025-04-29T05:38:50.915Z
sBTC,SBTC,95108.0,95109564,1.27472,140628.0,2025-04-29T05:38:47.062Z
Lift Dollar,USDL,1.001,95013867,0.00702,2520091.0,2025-04-29T05:38:47.354Z
L2 Standard Bridged frxUSD,FRXUSD,1.001,94812826,0.19678,995078.0,2025-04-29T05:38:54.535Z
Memecoin,MEME,0.00214804,94308713,2.23433,25615230.0,2025-04-29T05:38:50.874Z
Rocket Pool,RPL,4.42,94083024,0.24035,5024954.0,2025-04-29T05:38:53.421Z
Yield Guild Games,YGG,0.208704,93876813,5.31421,19407198.0,2025-04-29T05:38:47.312Z
Global Commercial Business,GCB,0.078477,93866607,-2.1139,221910.0,2025-04-29T05:38:47.741Z
Web3Shot,W3S,1.7,93813071,0.29561,47402.0,2025-04-29T05:38:46.370Z
Venus,XVS,5.63,93807809,1.28486,4354524.0,2025-04-29T05:38:52.980Z
Solayer Staked SOL,SSOL,157.73,93725706,-1.58897,699959.0,2025-04-29T05:38:47.453Z
MVL,MVL,0.00353133,93415067,0.42154,994708.0,2025-04-29T05:38:48.747Z
IQ,IQ,0.00439556,93334839,1.36394,7265455.0,2025-04-29T05:38:45.040Z
Humans.ai,HEART,0.01188758,92714871,0.80133,435723.0,2025-04-29T05:38:48.499Z
ChainGPT,CGPT,0.11454,92424571,15.96882,58125098.0,2025-04-29T05:38:48.769Z
Blast,BLAST,0.00327982,92129027,4.94644,10554145.0,2025-04-29T05:38:50.127Z
Status,SNT,0.02307468,91484186,-0.05471,6267026.0,2025-04-29T05:38:46.960Z
Verge,XVG,0.00552698,91304285,9.62702,7195525.0,2025-04-29T05:38:49.047Z
CARV,CARV,0.353523,91219375,5.63251,15025171.0,2025-04-29T05:38:51.421Z
Request,REQ,0.122138,90905617,0.20281,2290711.0,2025-04-29T05:38:48.108Z
SPACE ID,ID,0.210789,90778618,8.47175,38275837.0,2025-04-29T05:38:42.510Z
Civic,CVC,0.112865,90508120,1.62167,7270853.0,2025-04-29T05:38:44.328Z
iExec RLC,RLC,1.25,90342184,1.14709,4608887.0,2025-04-29T05:38:45.626Z
Aergo,AERGO,0.188865,89361747,-3.4927,77419531.0,2025-04-29T05:38:48.227Z
Optimism Bridged WBTC (Optimism),WBTC,94343.0,89157312,0.42688,3559606.0,2025-04-29T05:38:46.062Z
WAX,WAXP,0.02525291,88482443,-1.95175,11036125.0,2025-04-29T05:38:55.338Z
PHALA,PHA,0.111659,88402173,3.05522,13998533.0,2025-04-29T05:38:46.181Z
Goatseus Maximus,GOAT,0.087684,88349419,16.25998,84250140.0,2025-04-29T05:38:44.607Z
Sologenic,SOLO,0.220331,87978201,1.62368,3750159.0,2025-04-29T05:38:55.334Z
Cronos Bridged USDT (Cronos),USDT,1.0,87865816,0.02256,596209.0,2025-04-29T05:38:45.669Z
UXD Protocol,UXP,0.01246475,87253273,,60.68,2025-04-13T21:36:04.685Z
Zircuit,ZRC,0.03969494,87153466,3.03082,21089399.0,2025-04-29T05:38:54.694Z
Kamino,KMNO,0.064167,86692911,4.36762,47218410.0,2025-04-29T05:38:47.394Z
Ontology Gas,ONG,0.210171,86671842,1.68722,2785005.0,2025-04-29T05:38:49.506Z
Sign,SIGN,0.072042,86665867,7.03775,342347892.0,2025-04-29T05:38:48.422Z
Morphware,XMW,0.1108,86488424,22.68856,1019506.0,2025-04-29T05:38:43.184Z
Arcblock,ABT,0.873283,86076252,-1.45469,424473.0,2025-04-29T05:38:50.448Z
Osaka Protocol,OSAK,1.13018e-07,86058164,-3.35857,39653.0,2025-04-29T05:38:48.868Z
ARK,ARK,0.454877,85646062,0.24013,9813449.0,2025-04-29T05:38:50.062Z
TempleDAO,TEMPLE,3.6,85444127,0.44735,35180.0,2025-04-29T05:38:44.249Z
Adventure Gold,AGLD,0.923915,85300147,6.0521,46973516.0,2025-04-29T05:38:43.140Z
dKargo,DKA,0.01811109,84889586,-0.38632,1473178.0,2025-04-29T05:38:45.772Z
BitMart,BMX,0.247762,84117039,-1.93406,4046730.0,2025-04-29T05:38:48.368Z
Tellor Tributes,TRB,31.52,83987624,4.56536,18457427.0,2025-04-29T05:38:48.411Z
Solana Name Service,FIDA,0.084296,83536355,3.13931,14960175.0,2025-04-29T05:38:44.882Z
Chromia,CHR,0.099115,83421059,4.05073,8571186.0,2025-04-29T05:38:48.183Z
MiL.k,MLK,0.182621,82990690,5.14229,11185304.0,2025-04-29T05:38:42.932Z
Spiko US T-Bills Money Market Fund,USTBL,1.042,82957191,0.03216,0.0,2025-04-29T05:30:08.608Z
Frax USD,FRXUSD,0.999706,82918658,0.02553,1157381.0,2025-04-29T05:38:51.903Z
ALEO,ALEO,0.225447,81971316,-9.36195,8039299.0,2025-04-29T05:38:51.258Z
Saga,SAGA,0.332816,81709789,10.98092,39740871.0,2025-04-29T05:38:47.972Z
ROAM Token,ROAM,0.291062,81253267,0.31175,17835065.0,2025-04-29T05:38:47.023Z
Moonbeam,GLMR,0.082997,80846008,2.19651,4497127.0,2025-04-29T05:38:51.052Z
Bounce,AUCTION,12.22,80541319,2.41066,16444807.0,2025-04-29T05:38:49.813Z
Songbird,SGB,0.00508373,79728128,-0.27046,649644.0,2025-04-29T05:38:52.696Z
Origin Ether,OETH,1791.26,79382832,-0.0161,66903.0,2025-04-29T05:38:47.897Z
Marlin,POND,0.00966753,79101039,0.56957,2462607.0,2025-04-29T05:38:45.307Z
Dogs,DOGS,0.00015278,78967086,2.64606,22396456.0,2025-04-29T05:38:45.008Z
Coreum,COREUM,0.121473,78938896,0.97703,179550.0,2025-04-29T05:38:46.803Z
Solv Protocol SolvBTC Jupiter,SOLVBTC.JUP,92270.0,78763858,-5.98882,2434.72,2025-04-29T05:38:43.122Z
Nillion,NIL,0.40293,78600052,2.64228,35249341.0,2025-04-29T05:38:51.911Z
H2O Dao,H2O,0.095421,78217398,1.00223,8326.04,2025-04-29T05:38:50.010Z
cETH,CETH,36.05,77840925,-0.07217,358.28,2025-04-29T05:35:14.250Z
Reservoir rUSD,RUSD,1.0,77813701,-0.09309,349893.0,2025-04-29T05:38:52.706Z
Dent,DENT,0.0008134,77805437,1.60157,4240241.0,2025-04-29T05:38:43.352Z
Nosana,NOS,0.932851,77799742,3.25912,791906.0,2025-04-29T05:38:46.766Z
Steem,STEEM,0.151833,77553124,-0.61424,25187055.0,2025-04-29T05:38:50.867Z
ConstitutionDAO,PEOPLE,0.01527148,77416863,4.42194,31620030.0,2025-04-29T05:38:47.230Z
Tokenlon,LON,0.665524,77360523,-0.07019,56915.0,2025-04-29T05:38:52.036Z
NexusMind,NMD,7.55,77342098,0.18082,52960.0,2025-04-29T05:38:49.263Z
Unipoly,UNP,0.274321,76598636,-5.52287,1930738.0,2025-04-29T05:38:54.604Z
WalletConnect Token,WCT,0.411368,76597743,-2.95628,74925293.0,2025-04-29T05:38:53.672Z
Goldfinch,GFI,0.829209,76591513,-3.499,660714.0,2025-04-29T05:38:53.131Z
Centrifuge,CFG,0.147796,76543622,0.52643,363811.0,2025-04-29T05:38:50.898Z
Acet,ACT,0.04441833,76340942,-2.15813,204601.0,2025-04-29T05:38:49.349Z
JOE,JOE,0.190534,75515760,0.42907,7089473.0,2025-04-29T05:38:47.003Z
USDX,USDX,0.675064,75315580,1.79484,12058.32,2025-04-29T05:38:46.524Z
Wayfinder,PROMPT,0.335375,74875117,2.96054,104334417.0,2025-04-29T05:38:55.123Z
Numeraire,NMR,9.34,74776726,1.46215,4975497.0,2025-04-29T05:38:55.344Z
DIA,DIA,0.62137,74291732,24.24815,29601180.0,2025-04-29T05:38:47.781Z
Medibloc,MED,0.00736726,74262960,0.80667,530264.0,2025-04-29T05:38:46.137Z
Restaked Swell ETH,RSWETH,1859.95,73973475,0.19524,89332.0,2025-04-29T05:38:54.559Z
Bone ShibaSwap,BONE,0.295835,73917967,-0.63711,4092636.0,2025-04-29T05:38:48.552Z
Crypto Trading Fund,CTF,0.612905,73487355,17.9917,2001.53,2025-04-29T05:38:47.476Z
TerraClassicUSD,USTC,0.01306826,73129815,0.13917,5659039.0,2025-04-29T05:38:47.572Z
Dogelon Mars,ELON,1.32032e-07,72563671,-3.817,5202152.0,2025-04-29T05:38:47.057Z
Metal DAO,MTL,0.853391,72201124,2.43767,2092162.0,2025-04-29T05:38:52.973Z
Cookie DAO,COOKIE,0.159709,71968783,26.0052,48210231.0,2025-04-29T05:38:50.953Z
Smooth Love Potion,SLP,0.0017436,71608366,2.00027,6302747.0,2025-04-29T05:38:49.264Z
0x0.ai: AI Smart Contract,0X0,0.080061,71390668,0.08009,175488.0,2025-04-29T05:38:45.055Z
Pax Dollar,USDP,1.0,71323755,0.10747,1262591.0,2025-04-29T05:38:48.053Z
Degen,DEGEN,0.00310998,71320942,-1.0514,15228683.0,2025-04-29T05:38:45.723Z
ANDY ETH,ANDY,7.124e-05,71232026,10.40622,1996104.0,2025-04-29T05:38:46.136Z
Xai,XAI,0.061543,70989922,3.2244,21386845.0,2025-04-29T05:38:45.279Z
Iagon,IAG,0.188458,70847494,-0.28577,306146.0,2025-04-29T05:38:42.342Z
The Grays Currency,PTGC,0.00024206,70805226,-2.92659,89753.0,2025-04-29T05:38:48.956Z
Liquity,LQTY,0.72659,70768465,1.54509,12130565.0,2025-04-29T05:38:46.564Z
Taiko,TAIKO,0.681287,70247092,4.19354,12604647.0,2025-04-29T05:38:53.838Z
Banana Gun,BANANA,20.14,70218752,1.20742,17539807.0,2025-04-29T05:38:43.277Z
Geodnet,GEOD,0.22094,70071729,-3.28594,194868.0,2025-04-29T05:38:50.127Z
Paycoin,PCI,0.068364,69929800,-0.52448,188214.0,2025-04-29T05:38:51.661Z
Apollo Diversified Credit Securitize Fund,ACRED,1019.42,69922897,0.10554,0.0,2025-04-29T05:35:01.734Z
Hey Anon,ANON,5.34,69891960,6.18294,5272623.0,2025-04-29T05:38:47.354Z
Supra,SUPRA,0.00596979,69888743,-10.43573,12779154.0,2025-04-29T05:38:50.563Z
Avail,AVAIL,0.03392273,69873692,2.71393,4641963.0,2025-04-29T05:38:55.020Z
MIU,MIU,7.7429e-08,69672404,-1.38967,180827.0,2025-04-29T05:38:55.286Z
sUSDa,SUSDA,1.051,69624958,0.0,0.0,2025-04-29T05:38:54.579Z
Solend,SLND,0.370548,69360419,5.01521,16857.49,2025-04-29T05:38:47.289Z
DevvE,DEVVE,0.793442,69338849,2.59843,501775.0,2025-04-29T05:38:47.750Z
Renzo Restaked SOL,EZSOL,175.2,69151658,-1.40581,421856.0,2025-04-29T05:38:44.509Z
Coinshift USDL Morpho Vault,CSUSDL,1.025,69098658,0.02003,0.0,2025-04-29T05:35:11.966Z
Zentry,ZENT,0.01014106,68407806,-0.7072,5371015.0,2025-04-29T05:38:53.984Z
PONKE,PONKE,0.122516,68073228,0.88211,8464190.0,2025-04-29T05:38:43.263Z
AI Rig Complex,ARC,0.067347,67321339,5.14197,18167295.0,2025-04-29T05:38:42.961Z
L2 Standard Bridged WETH (Blast),WETH,1795.96,67310509,0.08481,2305624.0,2025-04-29T05:38:44.255Z
Neiro on ETH,NEIRO,0.066994,67000825,1.57324,11956655.0,2025-04-29T05:38:54.232Z
GameBuild,GAME,0.0038491,66819484,1.39448,7823959.0,2025-04-29T05:38:47.809Z
Daku,DAKU,0.066073,66045487,0.12166,137160.0,2025-04-29T05:38:46.147Z
Vanar Chain,VANRY,0.03407078,65963639,2.8117,9263806.0,2025-04-29T05:38:48.495Z
Treasure,MAGIC,0.210749,65870517,-0.7477,44498880.0,2025-04-29T05:38:53.427Z
Solv Protocol SolvBTC.CORE,SOLVBTC.CORE,94070.0,65850273,-1.16705,36943.0,2025-04-29T05:38:48.815Z
Staked FRAX,SFRAX,1.12,65767318,5.29304,715.53,2025-04-29T05:38:53.124Z
Secret,SCRT,0.213761,65531425,1.56065,2918334.0,2025-04-29T05:38:47.029Z
Purr,PURR,0.109229,65347906,3.43472,2086547.0,2025-04-29T05:38:52.304Z
Apu Apustaja,APU,0.00019191,64846484,-5.7431,1499938.0,2025-04-29T05:38:45.370Z
Decentralized Social,DESO,6.13,64573677,-0.38489,1439643.0,2025-04-29T05:38:52.210Z
Relend USDC,REUSDC,1.054,64424440,-0.01863,0.0,2025-04-29T05:35:02.521Z
GAME by Virtuals,GAME,0.06471,64413760,35.34116,6037509.0,2025-04-29T05:38:54.495Z
SaaSGo,SAAS,0.080211,64183912,0.60357,300550.0,2025-04-29T05:38:42.502Z
Oasys,OAS,0.01576628,64168007,2.78916,1684415.0,2025-04-29T05:38:50.332Z
Ocean Protocol,OCEAN,0.313198,64122791,-0.50115,627384.0,2025-04-29T05:38:48.354Z
GRIFFAIN,GRIFFAIN,0.063882,63865454,-9.11212,22614103.0,2025-04-29T05:38:46.818Z
Test,TST,0.067329,63824735,-3.12564,22797367.0,2025-04-29T05:38:48.255Z
Ergo,ERG,0.790731,63696432,0.03717,104099.0,2025-04-29T05:38:50.674Z
DOLA,DOLA,0.998817,63446016,-0.08051,830586.0,2025-04-29T05:38:47.763Z
Puff The Dragon,PUFF,0.070938,63055983,-0.09336,85073.0,2025-04-29T05:38:54.767Z
HarryPotterObamaSonic10Inu (ETH),BITCOIN,0.062661,62635421,-0.68975,2999053.0,2025-04-29T05:38:46.483Z
MyShell,SHELL,0.231906,62545657,21.5473,94524004.0,2025-04-29T05:38:54.269Z
Kyber Network Crystal,KNC,0.367356,62506555,-2.0046,11585919.0,2025-04-29T05:38:53.390Z
BugsCoin,BGSC,0.01007094,62399041,-1.51363,5037881.0,2025-04-29T05:38:49.385Z
Tokamak Network,TON,1.21,62322691,1.6247,597395.0,2025-04-29T05:38:55.045Z
Cortex,CX,0.051356,62147388,-10.23957,177212.0,2025-04-29T05:38:52.749Z
USUALx,USUALX,0.178014,61935427,-4.35273,172413.0,2025-04-29T05:38:52.512Z
Infinitar Governance Token,IGT,0.247403,61550902,-0.7677,7223573.0,2025-04-29T05:38:52.591Z
Bit2Me,B2M,0.01242455,61501501,-0.07891,24628.0,2025-04-29T05:38:52.310Z
Undeads Games,UDS,0.855648,61491247,7.82494,587239.0,2025-04-29T05:38:46.969Z
Synapse,SYN,0.280216,61380906,-10.43614,16701050.0,2025-04-29T05:38:53.390Z
Moonriver,MOVR,6.43,61373446,1.75319,3600133.0,2025-04-29T05:38:52.068Z
Gemini Dollar,GUSD,0.999243,61265213,-0.11456,81153674.0,2025-04-29T05:38:52.343Z
Access Protocol,ACS,0.00148229,61143055,-3.11222,1393196.0,2025-04-29T05:38:55.569Z
FUNToken,FUN,0.00574376,60877700,-3.88818,9506482.0,2025-04-29T05:38:43.976Z
Resolv RLP,RLP,1.17,60842770,-0.08798,428012.0,2025-04-29T05:38:44.393Z
L2 Standard Bridged WETH (Optimism),WETH,1793.34,60426504,-0.13224,28543790.0,2025-04-29T05:38:45.698Z
Balancer,BAL,0.955142,60315962,0.66316,5589915.0,2025-04-29T05:38:50.643Z
Rei,REI,0.059568,60274934,9.37497,1054296.0,2025-04-29T05:38:53.204Z
Coin98,C98,0.063346,60204899,6.58722,12078866.0,2025-04-29T05:38:50.638Z
Keeta,KTA,0.149609,59841767,8.73151,1553783.0,2025-04-29T05:38:50.668Z
Oraichain,ORAI,3.23,59631124,2.89049,845236.0,2025-04-29T05:38:44.505Z
Cartesi,CTSI,0.068628,59559395,1.93138,4410457.0,2025-04-29T05:38:44.469Z
AI Analysis Token,AIAT,0.538559,59428658,0.3797,221978.0,2025-04-29T05:38:52.226Z
Celer Network,CELR,0.01049494,59235639,2.89853,4762632.0,2025-04-29T05:38:45.243Z
dYdX,ETHDYDX,0.664304,59117167,3.47046,12885542.0,2025-04-29T05:38:48.872Z
ECOMI,OMI,0.00021794,59022914,2.20402,1816703.0,2025-04-29T05:38:53.990Z
Fwog,FWOG,0.06012,58446402,-0.76347,16579068.0,2025-04-29T05:38:43.425Z
Scroll,SCR,0.307301,58251005,1.79499,11018844.0,2025-04-29T05:38:52.595Z
Fimarkcoin.com,FMC,0.00225847,58234369,0.23495,18201543.0,2025-04-29T05:38:47.501Z
Huobi,HT,0.364341,58016252,0.32455,24031.0,2025-04-29T05:38:46.226Z
Ski Mask Dog,SKI,0.057763,57762852,-0.65262,778902.0,2025-04-29T05:38:48.094Z
PinLink,PIN,0.721821,57735155,4.27012,1233474.0,2025-04-29T05:38:42.256Z
BENQI,QI,0.00860422,57241917,-0.73246,3289796.0,2025-04-29T05:38:48.056Z
Sundog,SUNDOG,0.057171,57189947,1.03693,22202274.0,2025-04-29T05:38:47.758Z
BUSD,BUSD,0.988658,57136936,-1.21122,67002.0,2025-04-29T05:38:44.685Z
QuarkChain,QKC,0.00800053,57051072,-0.98191,7339120.0,2025-04-29T05:38:54.905Z
dForce,DF,0.056649,56686529,-1.08051,2579054.0,2025-04-29T05:38:44.408Z
AxonDAO Governance Token,AXGT,0.129429,56492849,6.7416,204539.0,2025-04-29T05:38:53.697Z
Aurora,AURORA,0.094512,56471811,0.8871,1157119.0,2025-04-29T05:38:49.946Z
Bridged Wrapped stETH (Gnosis),WSTETH,2147.55,56103792,0.20062,232883.0,2025-04-29T05:38:47.349Z
Wrapped POL,WPOL,0.243062,56091901,2.17191,8252016.0,2025-04-29T05:38:54.749Z
Fuel Network,FUEL,0.01197247,56076133,2.76314,1569919.0,2025-04-29T05:38:45.760Z
Standard Bridged USDC.e (Optimism),USDC.E,1.001,56049007,0.08526,1738692.0,2025-04-29T05:38:48.130Z
PepeCoin,PEPECOIN,0.51926,55988781,-2.48591,902541.0,2025-04-29T05:38:49.413Z
Islamic Coin,ISLM,0.0314021,55813792,-0.16668,548300.0,2025-04-29T05:38:46.149Z
Hydration,HDX,0.01439951,55493483,6.14198,120990.0,2025-04-29T05:38:52.021Z
Siren,SIREN,0.075722,55436812,-4.38736,7075320.0,2025-04-29T05:38:48.653Z
Magic Internet Money (Ethereum),MIM,1.001,55417808,-0.0229,10557.28,2025-04-29T05:38:49.149Z
MetFi,METFI,0.22723,55081301,2.28546,351826.0,2025-04-29T05:38:43.745Z
TruFin Staked APT,TRUAPT,5.56,55069318,-0.03392,0.398801,2025-04-29T05:38:49.273Z
Bridged Tether (opBNB),USDT,1.0,54717438,0.00093,4622.91,2025-04-29T05:38:48.793Z
BounceBit,BB,0.132992,54473342,4.87334,8825488.0,2025-04-29T05:38:51.537Z
Moonwell Flagship ETH (Morpho Vault),MWETH,1812.24,54453063,0.01714,53.48,2025-04-29T05:38:48.831Z
WINkLink,WIN,5.475e-05,54401823,2.03376,12939617.0,2025-04-29T05:38:47.705Z
TrueFi,TRU,0.04230153,54371076,6.56342,11144100.0,2025-04-29T05:38:44.728Z
Ava AI,AVA,0.054354,54310819,18.09095,21092504.0,2025-04-29T05:38:44.871Z
MAGICâ€¢INTERNETâ€¢MONEY (Bitcoin),MIM,0.00258562,54297985,-9.58833,23933.0,2025-04-29T05:38:51.648Z
Hippocrat,HPO,0.052494,54225906,2.74366,1188864.0,2025-04-29T05:38:54.888Z
Solidus Ai Tech,AITECH,0.03513371,54217183,9.61226,13449778.0,2025-04-29T05:38:42.156Z
TARS AI,TAI,0.092253,54154753,-18.67962,31924552.0,2025-04-29T05:38:46.237Z
Merlin Chain,MERL,0.102988,54066482,3.98166,6566566.0,2025-04-29T05:38:45.305Z
Renzo Restaked LST,PZETH,2144.66,53946587,0.08323,35416.0,2025-04-29T05:38:47.901Z
Zerebro,ZEREBRO,0.053936,53937413,24.34394,85185577.0,2025-04-29T05:38:43.439Z
TokenFi,TOKEN,0.02225561,53616757,47.08933,43885486.0,2025-04-29T05:38:44.287Z
Concordium,CCD,0.00466278,53614251,0.5965,193856.0,2025-04-29T05:38:51.702Z
Housecoin,HOUSE,0.053507,53467935,-15.67329,39728114.0,2025-04-29T05:38:44.554Z
Artificial Liquid Intelligence,ALI,0.00651955,53400901,0.17011,1524948.0,2025-04-29T05:38:46.375Z
Solv Protocol,SOLV,0.03600287,53346233,8.11413,62480813.0,2025-04-29T05:38:49.442Z
HashKey Platform Token,HSK,0.401398,53187233,5.40074,1010016.0,2025-04-29T05:38:54.005Z
Hunt,HUNT,0.267206,53149870,1.31905,1121825.0,2025-04-29T05:38:48.658Z
Bancor Network,BNT,0.460116,52978872,0.61319,441275.0,2025-04-29T05:38:54.909Z
Berachain Staked ETH,BERAETH,1799.82,52860838,-0.54255,68076.0,2025-04-29T05:38:46.846Z
ao Computer,AO,13.74,52819859,1.71409,2590589.0,2025-04-29T05:38:49.116Z
Shuffle,SHFL,0.188596,52787390,-0.00031,703396.0,2025-04-29T05:38:48.932Z
Cobak,CBK,0.563747,52712354,1.26031,4169894.0,2025-04-29T05:38:52.787Z
CYBER,CYBER,1.4,52537171,6.17804,8772691.0,2025-04-29T05:38:53.699Z
Act I The AI Prophecy,ACT,0.055342,52412765,0.86505,42039172.0,2025-04-29T05:38:45.933Z
SuperRare,RARE,0.062818,52135477,-1.6745,25776796.0,2025-04-29T05:38:50.505Z
Tensor,TNSR,0.154622,51736922,0.31493,6882949.0,2025-04-29T05:38:47.695Z
Escoin,ELG,0.277713,51157304,0.3154,339805.0,2025-04-29T05:38:48.703Z
Comedian,BAN,0.051115,51108270,1.03118,22097036.0,2025-04-29T05:38:43.434Z
MESSIER,M87,5.771e-05,51062542,1.69966,1501159.0,2025-04-29T05:38:47.449Z
CorgiAI,CORGIAI,0.00014731,50608697,1.25822,46265.0,2025-04-29T05:38:46.451Z
Felix feUSD,FEUSD,0.991441,50406306,-0.61397,12369274.0,2025-04-29T05:38:52.137Z
Velodrome Finance,VELO,0.054217,50316784,3.08648,7725235.0,2025-04-29T05:38:49.260Z
AUKI,AUKI,0.02776739,50222776,1.4138,231584.0,2025-04-29T05:38:54.151Z
Cudos,CUDOS,0.00680885,50216301,17.90265,743.0,2025-04-29T05:38:47.684Z
LandWolf,WOLF,5.534e-05,49919626,16.05004,3088528.0,2025-04-29T05:38:45.986Z
NetMind Token,NMT,1.056,49816725,-0.84126,2620980.0,2025-04-29T05:38:52.350Z
DODO,DODO,0.04960548,49597845,4.2834,6713450.0,2025-04-29T05:38:44.130Z
TNQ,TNQ,1.001,49388157,-0.00604,106124.0,2025-04-29T05:38:44.461Z
deBridge,DBR,0.0168913,49166530,-0.69854,16782355.0,2025-04-29T05:38:44.050Z
Banana For Scale,BANANAS31,0.00490976,49077687,2.77757,5649188.0,2025-04-29T05:38:43.295Z
Jumbo Blockchain,JNFTC,17.98,49031487,,17386.34,2025-03-11T15:35:30.481Z
Stronghold,SHX,0.00910113,48918056,1.51875,392224.0,2025-04-29T05:38:47.495Z
Autonolas,OLAS,0.277997,48844411,-0.00428,319412.0,2025-04-29T05:38:52.168Z
Staked Level USD,SLVLUSD,1.066,48826027,0.02097,11908.39,2025-04-29T05:38:44.371Z
Shentu,CTK,0.337654,48761072,0.04181,4389912.0,2025-04-29T05:38:46.247Z
Simon's Cat,CAT,7.24e-06,48716580,3.21215,8653773.0,2025-04-29T05:38:46.222Z
Omni Network,OMNI,2.55,48712936,2.11122,9779118.0,2025-04-29T05:38:51.236Z
ApeX,APEX,0.865626,48288817,-0.46799,27584834.0,2025-04-29T05:38:45.195Z
Kelp Gain,AGETH,1842.37,48162121,-0.16544,458347.0,2025-04-29T05:38:52.982Z
Overnight.fi USD+,USD+,0.999588,48081579,-0.01578,135020.0,2025-04-29T05:38:54.467Z
Mountain Protocol USD,USDM,0.999736,47987834,-0.14781,1815470.0,2025-04-29T05:38:45.350Z
Sygnum FIUSD Liquidity Fund,FIUSD,11392.42,47802594,0.01159,0.0,2025-04-29T05:30:10.918Z
Wilder World,WILD,0.14729,47769569,-1.31327,784428.0,2025-04-29T05:38:41.998Z
Cronos Bridged WBTC (Cronos),WBTC,94554.0,47715466,0.82779,83588.0,2025-04-29T05:38:52.285Z
Aleph Zero,AZERO,0.157205,47525324,15.62638,1313884.0,2025-04-29T05:38:50.477Z
Bucket Protocol BUCK Stablecoin,BUCK,0.999778,47322454,-0.03946,5636961.0,2025-04-29T05:38:52.191Z
EUR CoinVertible,EURCV,1.14,47253972,-0.33119,169.55,2025-04-29T03:53:17.797Z
Keep Network,KEEP,0.085596,47053112,1.95988,6182.07,2025-04-29T05:38:47.995Z
Rootstock Infrastructure Framework,RIF,0.04689618,46853878,3.37451,2780435.0,2025-04-29T05:38:55.097Z
Gains Network,GNS,1.54,46821829,1.55239,2033505.0,2025-04-29T05:38:53.680Z
SSV Network,SSV,6.59,46604069,2.88364,10034275.0,2025-04-29T05:38:49.445Z
QANplatform,QANX,0.02734273,46475678,0.03744,171983.0,2025-04-29T05:38:51.952Z
My Neighbor Alice,ALICE,0.50312,46362175,10.02624,12552998.0,2025-04-29T05:38:49.676Z
Metal Blockchain,METAL,0.091338,46350716,5.42177,431870.0,2025-04-29T05:38:54.785Z
Coq Inu,COQ,6.62784e-07,46004946,-0.53607,2921072.0,2025-04-29T05:38:44.576Z
Ekubo Protocol,EKUBO,4.6,45987289,1.01412,424569.0,2025-04-29T05:38:49.665Z
Avalanche Bridged USDC (Avalanche),USDC.E,0.999653,45944134,-0.03842,662302.0,2025-04-29T05:38:49.737Z
Autonomi,ANT,0.099151,45912138,-3.88536,542552.0,2025-04-29T05:38:48.694Z
Bridged USD Coin (StarkGate),USDC,0.999953,45836914,-0.00907,1717474.0,2025-04-29T05:38:46.592Z
Storj,STORJ,0.317862,45707839,1.64891,10867847.0,2025-04-29T05:38:50.610Z
Particle Network,PARTI,0.194869,45411524,5.91905,43303603.0,2025-04-29T05:38:45.774Z
MovieBloc,MBL,0.00246056,45312703,-1.63471,5727812.0,2025-04-29T05:38:44.700Z
SpaceN,SN,1.13,45282784,0.2841,28550.0,2025-04-29T05:38:48.693Z
Web 3 Dollar,USD3,1.049,45153489,0.05054,4719.27,2025-04-29T05:38:53.022Z
Ronin Bridged WETH (Ronin),WETH,1794.73,44835933,0.05333,641975.0,2025-04-29T05:38:51.981Z
Railgun,RAIL,0.778397,44757799,0.27545,190437.0,2025-04-29T05:38:53.512Z
Helium Mobile,MOBILE,0.00050692,44742263,1.27769,1141543.0,2025-04-29T05:38:47.102Z
Layerzero Bridged weETH (Swellchain),WEETH,1914.01,44677334,-0.27361,193081.0,2025-04-29T05:38:48.943Z
STONKS,STONKS,0.04436417,44403805,0.20257,4832791.0,2025-04-29T05:38:42.963Z
Zedxion,ZEDXION,0.362965,44397545,0.92022,875231.0,2025-04-29T05:38:41.902Z
Avalon,AVL,0.241405,44009663,-2.93412,19018516.0,2025-04-29T05:38:45.219Z
Pundi AI,PUNDIAI,5.31,43980015,1.71297,352362.0,2025-04-29T05:38:52.382Z
Orchid Protocol,OXT,0.07434,43978989,1.39003,4347192.0,2025-04-29T05:38:44.092Z
Moo Deng,MOODENG,0.04434937,43922028,-2.58907,34540736.0,2025-04-29T05:38:44.418Z
Anvil,ANVL,0.00231213,43798592,11.0066,33005.0,2025-04-29T05:38:54.960Z
Binance-Peg EOS,EOS,0.68478,43750614,0.7847,208927.0,2025-04-29T05:38:45.289Z
Liquity USD,LUSD,1.003,43571174,0.17844,89660.0,2025-04-29T05:38:45.582Z
Forta,FORT,0.076934,43533053,0.19531,459475.0,2025-04-29T05:38:43.491Z
Edge,EDGE,1.066,43496216,12.16076,119645.0,2025-04-29T05:38:44.553Z
RSS3,RSS3,0.060436,43479199,2.32301,6074784.0,2025-04-29T05:38:44.219Z
Binance-Peg Avalanche,AVAX,21.77,43477104,-0.22669,84398.0,2025-04-29T05:38:54.147Z
Bitcoin Wizards,WZRD,2.07,43445302,-0.28374,142859.0,2025-04-29T05:38:43.131Z
Avant USD,AVUSD,0.999574,43311255,-0.06028,329054.0,2025-04-29T05:38:54.664Z
DUSK,DUSK,0.086315,43149884,1.15468,4922777.0,2025-04-29T05:38:49.066Z
Avalanche Bridged WBTC (Avalanche),WBTC,94087.0,43145720,0.05116,728434.0,2025-04-29T05:38:45.021Z
SMARDEX,SDEX,0.00471625,43033837,1.00797,328143.0,2025-04-29T05:38:45.740Z
MemeFi,MEMEFI,0.00427062,42879103,26.34473,125273807.0,2025-04-29T05:38:44.986Z
Bifrost,BFC,0.03070836,42722234,2.64096,1233077.0,2025-04-29T05:38:53.048Z
Zora,ZORA,0.0156049,42614230,-17.57762,41878530.0,2025-04-29T05:38:53.570Z
Metadium,META,0.02466007,42150467,1.96588,1265802.0,2025-04-29T05:38:53.989Z
Origin Token,OGN,0.061132,42148945,2.15465,4872804.0,2025-04-29T05:38:50.878Z
Sanctum Infinity,INF,192.61,42031108,-1.63782,2275287.0,2025-04-29T05:38:42.950Z
AVA (Travala),AVA,0.620438,42021838,3.67564,5870761.0,2025-04-29T05:38:48.851Z
StormX,STMX,0.0038126,41939348,-0.49072,3328639.0,2025-04-29T05:38:49.030Z
SkyAI,SKYAI,0.04188465,41868843,-5.90044,20281967.0,2025-04-29T05:38:48.475Z
Strike,STRIKE,7.55,41845409,-0.20378,1432932.0,2025-04-29T05:38:46.942Z
tokenbot,CLANKER,41.59,41713485,5.62073,7467616.0,2025-04-29T05:38:54.032Z
Austin Capitals,AUX,4.26,41642345,-0.00502,5269.72,2025-04-29T05:38:54.460Z
Sperax,SPA,0.02042328,41417520,-1.09803,3132133.0,2025-04-29T05:38:45.648Z
BCGame Coin,BC,0.00413314,41308918,-2.54521,7245.14,2025-04-29T05:38:43.491Z
Milady Meme Coin,LADYS,4.6522e-08,41280379,9.82567,5342317.0,2025-04-29T05:38:53.922Z
Ice Open Network,ICE,0.00606539,41208760,4.82722,6394472.0,2025-04-29T05:38:51.853Z
Wrapped XRP,WXRP,2.29,41095871,-0.15822,79775.0,2025-04-29T05:38:43.834Z
McDull (Meme),MCDULL,4.61e-06,40962928,0.67705,64962.0,2025-04-29T05:38:43.674Z
Energy Web,EWT,0.674619,40817662,-1.03012,62226.0,2025-04-29T05:38:49.975Z
Spectral,SPEC,2.89,40795340,18.53361,15489029.0,2025-04-29T05:38:49.457Z
Resolv wstUSR,WSTUSR,1.075,40777038,,7.99,2025-04-25T03:52:51.947Z
BTU Protocol,BTU,0.508527,40682172,0.54948,71.7,2025-04-29T04:25:13.094Z
Radworks,RAD,0.816618,40668199,3.27706,8383538.0,2025-04-29T05:38:55.303Z
Nym,NYM,0.050184,40647936,-0.19298,1806827.0,2025-04-29T05:38:45.263Z
PolySwarm,NCT,0.02149713,40622242,2.94862,692972.0,2025-04-29T05:38:48.456Z
Propy,PRO,0.70106,40592311,5.1467,4904987.0,2025-04-29T05:38:54.551Z
Neutron,NTRN,0.142247,40517716,3.71681,3279003.0,2025-04-29T05:38:51.731Z
Acala,ACA,0.03469867,40446467,1.57724,6078920.0,2025-04-29T05:38:49.622Z
Hashflow,HFT,0.070915,40329664,2.177,14402191.0,2025-04-29T05:38:50.088Z
Dego Finance,DEGO,1.92,40314236,-4.48921,5720922.0,2025-04-29T05:38:43.338Z
MARBLEX,MBX,0.192799,40011128,6.46366,2774144.0,2025-04-29T05:38:54.295Z
Ancient8,A8,0.139502,40007173,2.63769,4318095.0,2025-04-29T05:38:43.809Z
BakerySwap,BAKE,0.137189,39615272,3.78867,6293373.0,2025-04-29T05:38:53.692Z
DAO Maker,DAO,0.15715,39515121,-2.33521,2605722.0,2025-04-29T05:38:53.325Z
Orbiter Finance,OBT,0.01262716,39133690,-2.56084,9097028.0,2025-04-29T05:38:54.947Z
Layer3,L3,0.065153,39131344,0.27451,4630507.0,2025-04-29T05:38:48.153Z
Gods Unchained,GODS,0.108077,39130983,9.14295,2736992.0,2025-04-29T05:38:52.090Z
Avalanche Bridged WETH (Avalanche),WETH,1791.85,38975960,-0.12982,33374848.0,2025-04-29T05:38:44.946Z
The Root Network,ROOT,0.00586473,38921103,1.88039,410113.0,2025-04-29T05:38:48.926Z
Open Campus,EDU,0.149071,38788147,6.17076,65922661.0,2025-04-29T05:38:50.878Z
Uquid Coin,UQC,3.88,38772650,0.41355,223337.0,2025-04-29T05:38:48.344Z
Based Fartcoin,FARTCOIN,0.000387,38680367,-3.00787,262970.0,2025-04-29T05:38:42.391Z
Thala APT,THAPT,5.46,38647393,0.08656,219284.0,2025-04-29T05:38:54.701Z
Broccoli,BROCCOLI,0.03862911,38631304,1.64719,9897173.0,2025-04-29T05:38:53.925Z
Syscoin,SYS,0.04724795,38436049,0.32743,8405015.0,2025-04-29T05:38:51.615Z
GoPlus Security,GPS,0.0210941,38204557,2.73123,6242309.0,2025-04-29T05:38:52.944Z
Avant Staked USD,SAVUSD,1.037,38023085,0.01203,124796.0,2025-04-29T05:38:52.391Z
ThunderCore,TT,0.00314072,38021031,0.24445,2645869.0,2025-04-29T05:38:54.325Z
Seraph,SERAPH,0.186738,37871716,9.10612,1875922.0,2025-04-29T05:38:52.656Z
Telos,TLOS,0.090053,37800646,-0.73077,2925503.0,2025-04-29T05:38:50.884Z
Ampleforth,AMPL,1.19,37798887,-0.88372,83478.0,2025-04-29T05:38:52.452Z
Vine,VINE,0.03777795,37698160,8.31203,80898409.0,2025-04-29T05:38:47.343Z
Rings scBTC,SCBTC,94357.0,37630991,0.58487,151503.0,2025-04-29T05:38:50.696Z
IXS,IXS,0.208984,37602762,1.62588,116981.0,2025-04-29T05:38:46.889Z
Seedify.fund,SFUND,0.590774,37551267,2.55412,2643763.0,2025-04-29T05:38:44.817Z
Lista USD,LISUSD,0.998182,37521259,-0.07209,1269317.0,2025-04-29T05:38:52.644Z
Gunz,GUN,0.061983,37498925,-5.6939,47413986.0,2025-04-29T05:38:51.899Z
Eggs Finance,EGGS,0.00058436,37459518,-1.59425,435010.0,2025-04-29T05:38:54.082Z
CargoX,CXO,0.223891,37428824,0.70223,11840.82,2025-04-29T05:38:50.056Z
Maverick Protocol,MAV,0.062753,37421006,4.31648,5159829.0,2025-04-29T05:38:47.012Z
Big Dog Fink,BINK,0.00025087,37362624,-4.3408,12226.47,2025-04-29T05:38:44.189Z
SoSoValue,SOSO,0.529421,37265707,-0.47313,6577928.0,2025-04-29T05:38:46.741Z
Marinade,MNDE,0.090519,37210394,-2.26341,1206555.0,2025-04-29T05:38:46.858Z
Stafi,FIS,0.243257,37117464,-12.33927,33642432.0,2025-04-29T05:38:54.014Z
Snowbank,SB,232.07,37055710,-0.13772,113.59,2025-04-29T05:38:47.518Z
CZ'S Dog,BROCCOLI,0.03697234,36976736,-7.52133,41992564.0,2025-04-29T05:38:46.424Z
XPLA,XPLA,0.04616482,36941208,59.36255,25711394.0,2025-04-29T05:38:46.376Z
Bluefin,BLUE,0.125918,36938138,0.25139,11341980.0,2025-04-29T05:38:53.347Z
Hooked Protocol,HOOK,0.150532,36918055,6.40801,25952472.0,2025-04-29T05:38:49.077Z
Radio Caca,RACA,8.975e-05,36894571,0.77316,3800045.0,2025-04-29T05:38:53.552Z
Sweat Economy,SWEAT,0.00480675,36729882,1.25605,4195002.0,2025-04-29T05:38:50.059Z
Assemble AI,ASM,0.0243578,36539164,-0.04776,485873.0,2025-04-29T05:38:55.094Z
Boba Network,BOBA,0.080999,36475300,2.77107,5224248.0,2025-04-29T05:38:44.222Z
Automata,ATA,0.062068,36468567,1.85783,4649234.0,2025-04-29T05:38:49.130Z
XT.com,XT,4.65,36432294,-0.16217,12510325.0,2025-04-29T05:38:44.656Z
Mansory Token,MNSRY,0.04026601,36422420,18.81875,370060.0,2025-04-29T05:38:42.089Z
NFPrompt,NFP,0.085436,36419270,4.03254,6379925.0,2025-04-29T05:38:46.570Z
SuiNS Token,NS,0.234021,36405346,-1.04906,12679862.0,2025-04-29T05:38:45.148Z
ALEX Lab,ALEX,0.04381459,36394368,2.50422,870115.0,2025-04-29T05:38:47.064Z
Alpaca Finance,ALPACA,0.241992,36355670,12.81331,228149492.0,2025-04-29T05:38:48.244Z
Dragonchain,DRGN,0.098506,36303469,7.4655,125941.0,2025-04-29T05:38:49.380Z
Jambo,J,0.224862,36199477,-1.04524,4895244.0,2025-04-29T05:38:46.172Z
Renzo,REZ,0.01450647,36060730,3.59942,17290798.0,2025-04-29T05:38:43.435Z
Binance-Peg DAI,DAI,1.001,35954710,0.00582,321009.0,2025-04-29T05:38:54.004Z
Fusionist,ACE,0.642601,35948360,6.44947,7135203.0,2025-04-29T05:38:51.379Z
NodeAI,GPU,0.369392,35905362,3.57829,851965.0,2025-04-29T05:38:53.250Z
Alephium,ALPH,0.327896,35897874,0.71515,463742.0,2025-04-29T05:38:52.048Z
Kyros Restaked SOL,KYSOL,174.8,35886144,-1.61884,443372.0,2025-04-29T05:38:46.903Z
Slerf,SLERF,0.07139,35743817,-0.32468,7556969.0,2025-04-29T05:38:54.410Z
Jelly-My-Jelly,JELLYJELLY,0.03559594,35738755,7.80307,17632616.0,2025-04-29T05:38:45.610Z
Gearbox,GEAR,0.00355788,35649486,0.9272,257981.0,2025-04-29T05:38:50.423Z
Celo Dollar,CUSD,0.999825,35550536,-0.07661,4575620.0,2025-04-29T05:38:47.193Z
Hifi Finance,HIFI,0.240271,35416095,8.57313,20671121.0,2025-04-29T05:38:45.097Z
SuperWalk GRND,GRND,0.056528,35368065,2.29153,1556007.0,2025-04-29T05:38:47.873Z
TruFin Staked MATIC,TRUMATIC,0.262901,35320399,1.88933,2257.03,2025-04-29T05:38:49.804Z
Alien Worlds,TLM,0.00609632,35303938,4.83252,10622399.0,2025-04-29T05:38:48.328Z
Silo Finance,SILO,0.03524763,35211342,-5.25609,91639.0,2025-04-29T05:38:46.239Z
Just a chill guy,CHILLGUY,0.03518893,35165730,-8.7182,29226991.0,2025-04-29T05:38:44.303Z
Suilend,SEND,0.720371,35125549,-7.76162,3486146.0,2025-04-29T05:38:49.956Z
cUSDC,CUSDC,0.02480697,35040724,0.00876,601.8,2025-04-29T05:38:43.082Z
DEAPCOIN,DEP,0.00126989,34911074,8.52821,1821970.0,2025-04-29T05:38:53.627Z
VaderAI by Virtuals,VADER,0.03497139,34887841,34.55365,1962752.0,2025-04-29T05:38:46.787Z
Hive Dollar,HBD,1.014,34827217,-0.39781,8891.53,2025-04-29T05:38:51.313Z
Hyperlane,HYPER,0.198646,34801157,1.73462,59902182.0,2025-04-29T05:38:52.078Z
Minswap,MIN,0.02427232,34604726,-1.82539,154325.0,2025-04-29T05:38:55.266Z
doginme,DOGINME,0.00050917,34435756,-5.62151,10022350.0,2025-04-29T05:38:46.168Z
zkSync Bridged USDC (zkSync),USDC,0.999818,34379514,-0.00859,1056342.0,2025-04-29T05:38:43.174Z
World Friendship Cash,WFCA,0.162038,34344804,-1.84474,1319979.0,2025-04-29T05:38:50.535Z
Ethernity Chain,ERN,1.43,34277270,3.05937,219321.0,2025-04-29T05:38:50.534Z
XION,XION,1.058,34184497,13.08623,7258675.0,2025-04-29T05:38:51.472Z
LOFI,LOFI,0.03411328,34127578,-10.11658,4954404.0,2025-04-29T05:38:53.938Z
Poollotto.finance,PLT,2.14,34051460,-1.3201,369.63,2025-04-29T05:38:45.266Z
Polygon Hermez Bridged USDT (x Layer),USDT,1.0,34043852,0.0011,28523.0,2025-04-29T05:38:54.557Z
Stader MaticX,MATICX,0.280062,33925543,1.8544,4490.59,2025-04-29T05:38:53.905Z
Mubarak,MUBARAK,0.03386356,33864445,-8.78306,40597540.0,2025-04-29T05:38:45.176Z
Quantum Resistant Ledger,QRL,0.428599,33599169,-1.13326,13104.05,2025-04-29T05:38:49.765Z
BIM,BIM,1.11,33416312,0.36152,74623.0,2025-04-29T05:38:44.875Z
Clover Finance,CLV,0.02724515,33351896,-0.20178,2344715.0,2025-04-29T05:38:54.693Z
Rekt,REKT,7.8855e-08,33149887,4.73227,1148817.0,2025-04-29T05:38:53.302Z
Xterio,XTER,0.294492,33124245,-0.35797,8183458.0,2025-04-29T05:38:53.172Z
Kujira,KUJI,0.270334,33072734,0.83951,130723.0,2025-04-29T05:38:50.439Z
SaucerSwap,SAUCE,0.04109679,32906154,-1.96559,295235.0,2025-04-29T05:38:52.270Z
Alpha Quark,AQT,1.23,32868068,-0.22137,4276777.0,2025-04-29T05:38:55.178Z
XT Stablecoin XTUSD,XTUSD,1.001,32817506,0.12193,4985406.0,2025-04-29T05:38:53.771Z
Parcl,PRCL,0.093469,32816711,13.91055,42296914.0,2025-04-29T05:38:43.969Z
Infrared BGT,IBGT,5.35,32804934,4.75096,950573.0,2025-04-29T05:38:49.388Z
Firmachain,FCT,0.03319131,32781627,0.35049,753693.0,2025-04-29T05:38:53.686Z
Bubblemaps,BMT,0.126306,32416573,3.36126,66850818.0,2025-04-29T05:38:45.866Z
Chainflip,FLIP,0.509229,32392800,-0.78491,922046.0,2025-04-29T05:38:47.759Z
Groestlcoin,GRS,0.370138,32372947,5.02477,15148063.0,2025-04-29T05:38:51.168Z
Savings crvUSD,SCRVUSD,1.045,32230241,0.07208,1830829.0,2025-04-29T05:38:52.382Z
Everscale,EVER,0.01619982,32165050,5.39496,180613.0,2025-04-29T05:38:54.331Z
Victoria VR,VR,0.00394497,32118232,0.53193,8793972.0,2025-04-29T05:38:47.360Z
Pangolin,PNG,0.144982,31965671,1.0269,411779.0,2025-04-29T05:38:45.379Z
BXN,BXN,0.00206332,31931932,-0.30976,651940.0,2025-04-29T05:38:49.424Z
Defiway,DEFI,0.319154,31915386,0.00257,3.81,2025-04-28T08:37:00.747Z
LimeWire,LMWR,0.096826,31731688,-0.95624,1227832.0,2025-04-29T05:38:45.291Z
Radiant Capital,RDNT,0.02615034,31719553,1.58849,8396879.0,2025-04-29T05:38:42.961Z
Bella Protocol,BEL,0.396302,31699046,2.4674,7440626.0,2025-04-29T05:38:48.965Z
Altura,ALU,0.03195327,31632597,7.87847,10884004.0,2025-04-29T05:38:47.788Z
Stader,SD,0.552909,31560609,4.61663,3332097.0,2025-04-29T05:38:42.546Z
Ampleforth Governance,FORTH,2.75,31538127,-3.814,6745805.0,2025-04-29T05:38:47.332Z
Swarms,SWARMS,0.03140071,31453136,8.54552,18873370.0,2025-04-29T05:38:43.516Z
Games for a Living,GFAL,0.00609275,31443623,0.39181,75997.0,2025-04-29T05:38:44.791Z
ResearchCoin,RSC,0.272964,31387280,-2.00213,290208.0,2025-04-29T05:38:52.165Z
sUSD,SUSD,0.878028,31332172,0.92466,444419.0,2025-04-29T05:38:45.028Z
VeraOne,VRO,106.68,31264285,0.70746,35848.0,2025-04-29T05:38:53.277Z
Mossland,MOC,0.072531,31147205,2.44308,1421707.0,2025-04-29T05:38:47.760Z
Dacxi,DXI,0.00082173,31131861,-10.50917,335678.0,2025-04-29T05:38:46.137Z
Tree,TREE,0.307095,31127680,-4.54198,49609.0,2025-04-29T05:38:50.416Z
Mantle Bridged USDC (Mantle),USDC,0.999286,31109549,-0.08705,291424.0,2025-04-29T05:38:52.702Z
StakeStone,STO,0.137948,31034652,-3.64941,27242705.0,2025-04-29T05:38:55.044Z
PlatON Network,LAT,0.0048183,31033188,-1.45705,4437228.0,2025-04-29T05:38:49.428Z
League of Kingdoms,LOKA,0.082598,30921339,-1.09306,2744465.0,2025-04-29T05:38:45.414Z
Epic Chain,EPIC,1.39,30887878,5.62953,10694929.0,2025-04-29T05:38:48.948Z
Pixels,PIXEL,0.03999582,30838567,3.2132,14733287.0,2025-04-29T05:38:43.389Z
ANyONe Protocol,ANYONE,0.385855,30830904,8.47063,368672.0,2025-04-29T05:38:55.037Z
Fartboy,$FARTBOY,0.03066602,30786861,-5.40632,234328.0,2025-04-29T05:38:48.006Z
StorX,SRX,0.060873,30603512,-1.69594,2326242.0,2025-04-29T05:38:54.099Z
Dar Open Network,D,0.04752441,30566524,5.33417,5751514.0,2025-04-29T05:38:43.066Z
TOKPIE,TKP,0.385005,30501446,-1.39242,17928.21,2025-04-29T05:38:52.354Z
Phoenix,PHB,0.593406,30456368,0.97328,7942380.0,2025-04-29T05:38:52.083Z
Mr. Miggles,MIGGLES,0.03162549,30356368,-1.96656,3079948.0,2025-04-29T05:38:49.854Z
Lista DAO,LISTA,0.175234,30267432,1.53867,9683587.0,2025-04-29T05:38:55.135Z
ELYSIA,EL,0.00444952,30253521,3.40369,1141950.0,2025-04-29T05:38:54.578Z
Milady Cult Coin,CULT,0.00069982,30242820,-3.66243,975058.0,2025-04-29T05:38:52.270Z
Corn,CORN,0.057501,30188211,-0.1262,2268141.0,2025-04-29T05:38:44.139Z
Mobox,MBOX,0.060295,30164291,5.43281,9991170.0,2025-04-29T05:38:43.170Z
HUMAN Protocol,HMT,0.03979213,30157083,-5.78304,29268.0,2025-04-29T05:38:52.191Z
Bridged Tether (Rainbow Bridge),USDT.E,1.0,30138322,-0.00387,337573.0,2025-04-29T05:38:44.530Z
NEURALAI,NEURAL,3.01,30074046,-7.4257,128976.0,2025-04-29T05:38:55.309Z
Neon,NEON,0.125253,30004294,-0.11234,861106.0,2025-04-29T05:38:46.979Z
GME (Ethereum),GME,7.286e-05,29968679,-2.83159,124699.0,2025-04-29T05:38:51.361Z
Keyboard Cat (Base),KEYCAT,0.00299107,29910933,-2.23986,3925959.0,2025-04-29T05:38:49.188Z
Tornado Cash,TORN,7.84,29868726,6.54918,1539986.0,2025-04-29T05:38:46.817Z
Quai Network,QUAI,0.061194,29820922,-7.28991,2150567.0,2025-04-29T05:38:49.406Z
MoonRabbits,MRB,4.678e-05,29692907,,54169.0,2024-12-20T17:04:21.605Z
inSure DeFi,SURE,0.00111976,29656509,0.17882,96116.0,2025-04-29T05:38:52.220Z
Spring Staked SUI,SSUI,3.57,29655263,-1.68843,79826.0,2025-04-29T05:38:48.202Z
NAVI Protocol,NAVX,0.060622,29652847,0.71599,4314829.0,2025-04-29T05:38:49.602Z
Finvesta,FINVESTA,28.52,29558975,5.90116,176437.0,2025-04-29T05:38:54.101Z
VitaDAO,VITA,1.16,29553967,2.9758,1885960.0,2025-04-29T05:38:47.666Z
GENIUS AI,GNUS,2.4,29548285,15.10211,14641.16,2025-04-29T05:38:53.202Z
Covalent X Token,CXT,0.03217714,29541898,-0.35392,1989147.0,2025-04-29T05:38:47.419Z
TROLL,TROLL,0.02895605,29524405,17.89347,31631373.0,2025-04-29T05:38:43.098Z
Wen,WEN,4.054e-05,29492462,-3.49413,3949897.0,2025-04-29T05:38:47.419Z
OMG Network,OMG,0.209931,29411872,1.41728,4384239.0,2025-04-29T05:38:52.421Z
A Hunters Dream,CAW,4.612e-08,29394911,-3.29692,2166021.0,2025-04-29T05:38:54.180Z
Unizen,ZCX,0.04661043,29349984,-1.92231,1185868.0,2025-04-29T05:38:51.888Z
Loom Network (NEW),LOOM,0.02358086,29309146,-0.15427,473926.0,2025-04-29T05:38:44.004Z
Pocket Network,POKT,0.0146603,29291632,8.70846,270043.0,2025-04-29T05:38:51.248Z
KernelDAO,KERNEL,0.180841,29263453,2.9791,22453984.0,2025-04-29T05:38:43.229Z
Spectre AI,SPECTRE,2.92,29193087,7.10724,759852.0,2025-04-29T05:38:48.626Z
Aster Staked USDF,ASUSDF,1.014,29180898,0.08041,66842.0,2025-04-29T05:38:48.394Z
Elastos,ELA,1.28,29173802,2.5547,352834.0,2025-04-29T05:38:53.705Z
Liquity BOLD,BOLD,1.002,29043974,0.30322,3146.37,2025-04-29T05:38:50.663Z
OpenServ,SERV,0.04246519,29043590,7.34825,455688.0,2025-04-29T05:38:43.215Z
Stella,ALPHA,0.03138221,28936560,2.79902,6937856.0,2025-04-29T05:38:48.967Z
ArbDoge AI,AIDOGE,1.5366e-10,28919899,-4.75152,10673282.0,2025-04-29T05:38:52.631Z
NKN,NKN,0.03670533,28865239,-4.27293,9144375.0,2025-04-29T05:38:45.733Z
AIntivirus,AINTI,0.02883179,28829388,0.63671,3404827.0,2025-04-29T05:38:44.340Z
Ribbita by Virtuals,TIBBIR,0.02880627,28809859,7.91584,1167288.0,2025-04-29T05:38:49.133Z
DeGate,DG,0.074289,28765812,0.73729,48636.0,2025-04-29T05:38:44.986Z
Euro Tether,EURT,1.13,28717701,0.01488,506821.0,2025-04-29T05:38:51.908Z
BitMEX,BMEX,0.287722,28700283,1.30324,53878.0,2025-04-29T05:38:49.462Z
Heima,HEI,0.371331,28617842,-0.59988,6398302.0,2025-04-29T05:38:54.401Z
Hypurr Fun,HFUN,28.6,28508725,8.72059,427552.0,2025-04-29T05:38:52.062Z
Vow,VOW,0.079607,28403168,-9.31337,328672.0,2025-04-29T05:38:53.838Z
Kekius Maximus,KEKIUS,0.02827968,28267242,-4.1034,6126977.0,2025-04-29T05:38:55.264Z
PaLM AI,PALM,0.366038,28258015,3.90171,72864.0,2025-04-29T05:38:54.269Z
ORIGYN,OGY,0.00319714,28233013,9.43843,31423.0,2025-04-29T05:38:46.509Z
Peapods Finance,PEAS,2.82,28066926,2.416,506069.0,2025-04-29T05:38:53.199Z
Orderly Network,ORDER,0.110675,28060511,0.05212,3387990.0,2025-04-29T05:38:49.595Z
Universal ETH,UNIETH,1952.94,28052800,0.22811,7590.45,2025-04-29T05:38:53.990Z
Enzyme,MLN,9.33,27984147,3.16564,7472496.0,2025-04-29T05:38:53.856Z
LUKSO,LYX,0.916274,27971706,-4.03234,793299.0,2025-04-29T05:38:51.434Z
Viction,VIC,0.231113,27914002,0.8293,1069896.0,2025-04-29T05:38:49.610Z
ONFA,OFT,0.234331,27774327,0.13858,2069988.0,2025-04-29T05:38:54.845Z
Wrapped NXM,WNXM,40.71,27738366,1.40692,1129831.0,2025-04-29T05:38:52.862Z
MAP Protocol,MAPO,0.00478135,27694369,1.52647,621507.0,2025-04-29T05:38:46.532Z
Law Blocks,LBT,0.128396,27607651,0.00678,323551.0,2025-04-29T05:38:47.705Z
Whiteheart,WHITE,3100.25,27554979,,7.6,2025-04-27T02:14:46.142Z
Vulcan Forged,PYR,1.15,27536238,0.1448,5860119.0,2025-04-29T05:38:44.187Z
Beincom,BIC,0.01680228,27458876,-0.43623,4614.32,2025-04-29T05:38:50.656Z
MAI,MIMATIC,0.994857,27422220,0.00966,19872.12,2025-04-29T05:38:48.871Z
Mind Network,FHE,0.109502,27402048,10.36123,22038195.0,2025-04-29T05:38:53.177Z
Myro,$MYRO,0.02696191,26958536,-1.88217,8832826.0,2025-04-29T05:38:46.153Z
Unicorn Fart Dust,UFD,0.02675219,26806282,-11.73878,4660961.0,2025-04-29T05:38:44.563Z
REI Network,REI,0.02730135,26674301,2.06651,1221011.0,2025-04-29T05:38:51.839Z
AhaToken,AHT,0.00420247,26672733,1.45416,1031177.0,2025-04-29T05:38:51.224Z
OPENLOOT,OL,0.060699,26606878,2.43459,15036940.0,2025-04-29T05:38:54.389Z
Monerium EUR emoney,EURE,1.14,26575682,0.53855,25158.0,2025-04-29T05:38:43.412Z
BBAChain,BBA,0.174544,26499341,-1.58946,309055.0,2025-04-29T05:38:49.822Z
sudeng,HIPPO,0.00264366,26473236,-1.68182,31067601.0,2025-04-29T05:38:48.475Z
Myria,MYRIA,0.00093387,26427414,3.60396,2001192.0,2025-04-29T05:38:48.854Z
Staked Frax USD,SFRXUSD,1.13,26405929,0.1185,354205.0,2025-04-29T05:38:52.107Z
Wojak,WOJAK,0.00037941,26396239,4.15189,1505706.0,2025-04-29T05:38:45.323Z
Aavegotchi,GHST,0.513714,26282814,3.51404,4358608.0,2025-04-29T05:38:43.585Z
LayerZero Bridged USDC (Aptos),ZUSDC,1.002,26223561,0.15782,1895538.0,2025-04-29T05:38:54.341Z
ChainBounty,BOUNTY,0.051803,26209449,2.07611,804033.0,2025-04-29T05:38:46.533Z
Hegic,HEGIC,0.02426611,26151025,-2.95853,40465.0,2025-04-29T05:38:44.993Z
AGENDA 47,A47,0.0259211,25916420,3.44788,1044836.0,2025-04-29T05:38:43.758Z
Wrapped Centrifuge,WCFG,0.146489,25896521,-0.33005,110147.0,2025-04-29T05:38:52.345Z
ARPA,ARPA,0.02630923,25849772,-0.95661,13069126.0,2025-04-29T05:38:50.546Z
